2026-08-14 10:47:14.863  INFO      lobx.market_data.collector  Collector starting for BTCUSDT
2026-08-14 10:47:15.611  INFO      lobx.market_data.binance_ws_client  Connected to wss://data-stream.binance.vision/stream?streams=btcusdt@depth@100ms/btcusdt@trade
2026-08-14 10:47:15.731  INFO      lobx.market_data.depth_stream_manager  [BTCUSDT] Fetching REST snapshot (limit=1000)…
2026-08-14 10:47:16.345  INFO      httpx  HTTP Request: GET https://api.binance.com/api/v3/depth?symbol=BTCUSDT&limit=1000 "HTTP/1.1 200 OK"
2026-08-14 10:47:16.347  INFO      lobx.market_data.depth_stream_manager  [BTCUSDT] Snapshot received, lastUpdateId=98532084726
2026-08-14 10:47:16.352  INFO      lobx.market_data.depth_stream_manager  [BTCUSDT] Synced (no residual events). Book has 2000 levels.
2026-08-14 10:47:17.660  INFO      lobx.market_data.collector  [BTCUSDT] Wrote 2002-level depth snapshot baseline.
2026-08-14 10:47:44.916  INFO      lobx.market_data.collector  [BTCUSDT] heartbeat | bid=62850.89×4.8698  ask=62850.90×0.5305  spread=0.01  levels=1045 bid/1037 ask  synced=True
2026-08-14 10:48:14.918  INFO      lobx.market_data.collector  [BTCUSDT] heartbeat | bid=62834.47×1.2493  ask=62834.48×10.4463  spread=0.01  levels=1071 bid/1084 ask  synced=True
2026-08-14 10:48:44.933  INFO      lobx.market_data.collector  [BTCUSDT] heartbeat | bid=62832.31×1.1162  ask=62832.32×7.7342  spread=0.01  levels=1112 bid/1109 ask  synced=True
2026-08-14 10:49:14.945  INFO      lobx.market_data.collector  [BTCUSDT] heartbeat | bid=62830.00×6.8145  ask=62830.01×4.6079  spread=0.01  levels=1126 bid/1140 ask  synced=True
2026-08-14 10:49:44.959  INFO      lobx.market_data.collector  [BTCUSDT] heartbeat | bid=62835.85×13.6373  ask=62835.86×1.1160  spread=0.01  levels=1157 bid/1129 ask  synced=True
2026-08-14 10:50:14.965  INFO      lobx.market_data.collector  [BTCUSDT] heartbeat | bid=62844.93×8.3466  ask=62844.94×4.3156  spread=0.01  levels=1194 bid/1128 ask  synced=True
2026-08-14 10:50:44.976  INFO      lobx.market_data.collector  [BTCUSDT] heartbeat | bid=62839.88×7.6755  ask=62839.89×0.8431  spread=0.01  levels=1198 bid/1135 ask  synced=True
2026-08-14 10:51:14.984  INFO      lobx.market_data.collector  [BTCUSDT] heartbeat | bid=62839.88×4.6404  ask=62839.89×3.6388  spread=0.01  levels=1199 bid/1138 ask  synced=True
2026-08-14 10:51:44.991  INFO      lobx.market_data.collector  [BTCUSDT] heartbeat | bid=62839.88×4.0235  ask=62839.89×4.1988  spread=0.01  levels=1212 bid/1141 ask  synced=True
2026-08-14 10:52:14.996  INFO      lobx.market_data.collector  [BTCUSDT] heartbeat | bid=62851.84×12.3595  ask=62851.85×1.5699  spread=0.01  levels=1248 bid/1118 ask  synced=True
2026-08-14 10:52:45.004  INFO      lobx.market_data.collector  [BTCUSDT] heartbeat | bid=62851.84×0.3039  ask=62851.85×5.8662  spread=0.01  levels=1291 bid/1129 ask  synced=True
2026-08-14 10:53:15.014  INFO      lobx.market_data.collector  [BTCUSDT] heartbeat | bid=62838.21×1.6364  ask=62838.22×16.8863  spread=0.01  levels=1262 bid/1155 ask  synced=True
2026-08-14 10:53:45.029  INFO      lobx.market_data.collector  [BTCUSDT] heartbeat | bid=62824.62×2.6296  ask=62824.63×10.1147  spread=0.01  levels=1241 bid/1203 ask  synced=True
2026-08-14 10:54:15.042  INFO      lobx.market_data.collector  [BTCUSDT] heartbeat | bid=62824.62×5.9786  ask=62824.63×5.3172  spread=0.01  levels=1255 bid/1212 ask  synced=True
2026-08-14 10:54:45.060  INFO      lobx.market_data.collector  [BTCUSDT] heartbeat | bid=62835.44×13.4599  ask=62835.45×0.2055  spread=0.01  levels=1258 bid/1159 ask  synced=True
2026-08-14 10:55:15.067  INFO      lobx.market_data.collector  [BTCUSDT] heartbeat | bid=62837.33×6.5866  ask=62837.34×5.5794  spread=0.01  levels=1308 bid/1205 ask  synced=True
2026-08-14 10:55:45.084  INFO      lobx.market_data.collector  [BTCUSDT] heartbeat | bid=62825.28×7.7887  ask=62825.29×5.5203  spread=0.01  levels=1291 bid/1228 ask  synced=True
2026-08-14 10:56:15.089  INFO      lobx.market_data.collector  [BTCUSDT] heartbeat | bid=62818.55×1.7341  ask=62818.56×12.8716  spread=0.01  levels=1323 bid/1249 ask  synced=True
2026-08-14 10:56:45.098  INFO      lobx.market_data.collector  [BTCUSDT] heartbeat | bid=62808.00×0.0192  ask=62808.01×9.5491  spread=0.01  levels=1322 bid/1242 ask  synced=True
2026-08-14 10:57:15.101  INFO      lobx.market_data.collector  [BTCUSDT] heartbeat | bid=62808.00×15.1337  ask=62808.01×2.7282  spread=0.01  levels=1352 bid/1283 ask  synced=True
2026-08-14 10:57:45.121  INFO      lobx.market_data.collector  [BTCUSDT] heartbeat | bid=62823.19×11.2227  ask=62823.20×5.1089  spread=0.01  levels=1401 bid/1275 ask  synced=True
2026-08-14 10:58:15.124  INFO      lobx.market_data.collector  [BTCUSDT] heartbeat | bid=62827.03×14.9956  ask=62827.04×2.2607  spread=0.01  levels=1414 bid/1275 ask  synced=True
2026-08-14 10:58:45.141  INFO      lobx.market_data.collector  [BTCUSDT] heartbeat | bid=62820.00×2.8119  ask=62820.01×8.1742  spread=0.01  levels=1435 bid/1297 ask  synced=True
2026-08-14 10:59:15.146  INFO      lobx.market_data.collector  [BTCUSDT] heartbeat | bid=62815.64×1.5359  ask=62815.65×11.7758  spread=0.01  levels=1419 bid/1308 ask  synced=True
2026-08-14 10:59:45.160  INFO      lobx.market_data.collector  [BTCUSDT] heartbeat | bid=62814.13×5.6430  ask=62814.14×6.3039  spread=0.01  levels=1424 bid/1314 ask  synced=True
2026-08-14 11:00:15.173  INFO      lobx.market_data.collector  [BTCUSDT] heartbeat | bid=62814.13×7.2739  ask=62814.14×3.2309  spread=0.01  levels=1414 bid/1310 ask  synced=True
2026-08-14 11:00:45.185  INFO      lobx.market_data.collector  [BTCUSDT] heartbeat | bid=62826.72×15.4119  ask=62826.73×1.2008  spread=0.01  levels=1454 bid/1286 ask  synced=True
2026-08-14 11:01:15.203  INFO      lobx.market_data.collector  [BTCUSDT] heartbeat | bid=62827.92×1.6409  ask=62827.93×9.8918  spread=0.01  levels=1481 bid/1295 ask  synced=True
2026-08-14 11:01:45.216  INFO      lobx.market_data.collector  [BTCUSDT] heartbeat | bid=62837.40×9.9058  ask=62837.41×4.0621  spread=0.01  levels=1494 bid/1275 ask  synced=True
2026-08-14 11:02:15.224  INFO      lobx.market_data.collector  [BTCUSDT] heartbeat | bid=62837.40×14.2889  ask=62837.41×2.6654  spread=0.01  levels=1506 bid/1284 ask  synced=True
2026-08-14 11:02:45.235  INFO      lobx.market_data.collector  [BTCUSDT] heartbeat | bid=62848.26×5.2514  ask=62848.27×3.7629  spread=0.01  levels=1546 bid/1275 ask  synced=True
2026-08-14 11:03:15.241  INFO      lobx.market_data.collector  [BTCUSDT] heartbeat | bid=62845.98×0.3321  ask=62845.99×10.7845  spread=0.01  levels=1529 bid/1269 ask  synced=True
2026-08-14 11:03:45.248  INFO      lobx.market_data.collector  [BTCUSDT] heartbeat | bid=62854.82×8.7155  ask=62854.83×1.5904  spread=0.01  levels=1589 bid/1295 ask  synced=True
2026-08-14 11:04:15.257  INFO      lobx.market_data.collector  [BTCUSDT] heartbeat | bid=62854.82×7.6919  ask=62854.83×2.9760  spread=0.01  levels=1582 bid/1304 ask  synced=True
2026-08-14 11:04:45.262  INFO      lobx.market_data.collector  [BTCUSDT] heartbeat | bid=62872.64×7.0935  ask=62872.65×4.1255  spread=0.01  levels=1646 bid/1274 ask  synced=True
2026-08-14 11:05:15.270  INFO      lobx.market_data.collector  [BTCUSDT] heartbeat | bid=62841.74×3.5681  ask=62841.75×8.2234  spread=0.01  levels=1572 bid/1334 ask  synced=True
2026-08-14 11:05:45.281  INFO      lobx.market_data.collector  [BTCUSDT] heartbeat | bid=62831.58×9.5620  ask=62831.59×1.3372  spread=0.01  levels=1564 bid/1360 ask  synced=True
2026-08-14 11:06:15.291  INFO      lobx.market_data.collector  [BTCUSDT] heartbeat | bid=62831.58×11.1881  ask=62831.59×0.7156  spread=0.01  levels=1578 bid/1381 ask  synced=True
2026-08-14 11:06:45.310  INFO      lobx.market_data.collector  [BTCUSDT] heartbeat | bid=62814.00×4.3263  ask=62814.01×5.3080  spread=0.01  levels=1541 bid/1420 ask  synced=True
2026-08-14 11:07:15.324  INFO      lobx.market_data.collector  [BTCUSDT] heartbeat | bid=62814.00×5.4661  ask=62814.01×0.7265  spread=0.01  levels=1562 bid/1567 ask  synced=True
2026-08-14 11:07:45.333  INFO      lobx.market_data.collector  [BTCUSDT] heartbeat | bid=62819.33×8.0280  ask=62819.34×0.2360  spread=0.01  levels=1569 bid/1539 ask  synced=True
2026-08-14 11:08:15.350  INFO      lobx.market_data.collector  [BTCUSDT] heartbeat | bid=62820.11×11.1961  ask=62820.12×0.0271  spread=0.01  levels=1557 bid/1518 ask  synced=True
2026-08-14 11:08:45.369  INFO      lobx.market_data.collector  [BTCUSDT] heartbeat | bid=62847.66×10.2264  ask=62847.67×0.0026  spread=0.01  levels=1669 bid/1504 ask  synced=True
2026-08-14 11:09:15.379  INFO      lobx.market_data.collector  [BTCUSDT] heartbeat | bid=62859.85×2.3197  ask=62859.86×9.4209  spread=0.01  levels=1706 bid/1501 ask  synced=True
2026-08-14 11:09:45.390  INFO      lobx.market_data.collector  [BTCUSDT] heartbeat | bid=62852.51×2.8249  ask=62852.52×6.5341  spread=0.01  levels=1703 bid/1535 ask  synced=True
2026-08-14 11:10:15.399  INFO      lobx.market_data.collector  [BTCUSDT] heartbeat | bid=62852.51×0.5959  ask=62852.52×6.7178  spread=0.01  levels=1711 bid/1523 ask  synced=True
2026-08-14 11:10:45.416  INFO      lobx.market_data.collector  [BTCUSDT] heartbeat | bid=62852.48×4.4117  ask=62852.49×0.5465  spread=0.01  levels=1719 bid/1526 ask  synced=True
2026-08-14 11:11:15.430  INFO      lobx.market_data.collector  [BTCUSDT] heartbeat | bid=62831.59×12.3907  ask=62831.60×6.0772  spread=0.01  levels=1666 bid/1564 ask  synced=True
2026-08-14 11:11:45.436  INFO      lobx.market_data.collector  [BTCUSDT] heartbeat | bid=62843.60×4.0347  ask=62843.61×4.2536  spread=0.01  levels=1715 bid/1544 ask  synced=True
2026-08-14 11:12:15.451  INFO      lobx.market_data.collector  [BTCUSDT] heartbeat | bid=62839.15×2.5816  ask=62839.16×3.3498  spread=0.01  levels=1728 bid/1554 ask  synced=True
2026-08-14 11:12:45.459  INFO      lobx.market_data.collector  [BTCUSDT] heartbeat | bid=62831.59×12.3438  ask=62831.60×7.3199  spread=0.01  levels=1701 bid/1580 ask  synced=True
2026-08-14 11:13:15.463  INFO      lobx.market_data.collector  [BTCUSDT] heartbeat | bid=62857.03×10.4018  ask=62857.04×0.0494  spread=0.01  levels=1774 bid/1561 ask  synced=True
2026-08-14 11:13:45.470  INFO      lobx.market_data.collector  [BTCUSDT] heartbeat | bid=62862.94×5.8401  ask=62862.95×2.7557  spread=0.01  levels=1788 bid/1565 ask  synced=True
2026-08-14 11:14:15.486  INFO      lobx.market_data.collector  [BTCUSDT] heartbeat | bid=62851.07×0.0119  ask=62851.08×7.3397  spread=0.01  levels=1747 bid/1584 ask  synced=True
2026-08-14 11:14:45.504  INFO      lobx.market_data.collector  [BTCUSDT] heartbeat | bid=62851.05×3.5810  ask=62851.06×2.1187  spread=0.01  levels=1788 bid/1619 ask  synced=True
2026-08-14 11:15:15.508  INFO      lobx.market_data.collector  [BTCUSDT] heartbeat | bid=62840.59×4.1227  ask=62840.60×5.4859  spread=0.01  levels=1768 bid/1646 ask  synced=True
2026-08-14 11:15:45.515  INFO      lobx.market_data.collector  [BTCUSDT] heartbeat | bid=62851.30×5.4976  ask=62851.31×3.2385  spread=0.01  levels=1795 bid/1631 ask  synced=True
2026-08-14 11:16:15.527  INFO      lobx.market_data.collector  [BTCUSDT] heartbeat | bid=62853.99×11.2232  ask=62854.00×1.3087  spread=0.01  levels=1808 bid/1609 ask  synced=True
2026-08-14 11:16:45.548  INFO      lobx.market_data.collector  [BTCUSDT] heartbeat | bid=62860.10×10.6254  ask=62860.11×0.2088  spread=0.01  levels=1818 bid/1601 ask  synced=True
2026-08-14 11:17:15.553  INFO      lobx.market_data.collector  [BTCUSDT] heartbeat | bid=62875.67×5.4321  ask=62875.68×3.0749  spread=0.01  levels=1882 bid/1593 ask  synced=True
2026-08-14 11:17:45.573  INFO      lobx.market_data.collector  [BTCUSDT] heartbeat | bid=62881.93×8.7676  ask=62881.94×4.2361  spread=0.01  levels=1891 bid/1582 ask  synced=True
2026-08-14 11:18:15.592  INFO      lobx.market_data.collector  [BTCUSDT] heartbeat | bid=62874.41×10.1227  ask=62874.42×3.0638  spread=0.01  levels=1870 bid/1589 ask  synced=True
2026-08-14 11:18:45.599  INFO      lobx.market_data.collector  [BTCUSDT] heartbeat | bid=62870.00×4.7220  ask=62870.01×3.3866  spread=0.01  levels=1871 bid/1638 ask  synced=True
2026-08-14 11:19:15.611  INFO      lobx.market_data.collector  [BTCUSDT] heartbeat | bid=62889.83×8.2423  ask=62889.84×4.0125  spread=0.01  levels=1973 bid/1605 ask  synced=True
2026-08-14 11:19:45.626  INFO      lobx.market_data.collector  [BTCUSDT] heartbeat | bid=62895.26×4.7239  ask=62895.27×0.3880  spread=0.01  levels=1994 bid/1612 ask  synced=True
2026-08-14 11:20:15.640  INFO      lobx.market_data.collector  [BTCUSDT] heartbeat | bid=62911.13×2.4522  ask=62911.14×8.9823  spread=0.01  levels=2041 bid/1620 ask  synced=True
2026-08-14 11:20:45.648  INFO      lobx.market_data.collector  [BTCUSDT] heartbeat | bid=62900.00×0.5067  ask=62900.01×7.0748  spread=0.01  levels=1999 bid/1636 ask  synced=True
2026-08-14 11:21:15.665  INFO      lobx.market_data.collector  [BTCUSDT] heartbeat | bid=62919.73×5.5283  ask=62919.74×4.2636  spread=0.01  levels=2078 bid/1616 ask  synced=True
2026-08-14 11:21:45.676  INFO      lobx.market_data.collector  [BTCUSDT] heartbeat | bid=62894.39×10.7312  ask=62894.40×2.4516  spread=0.01  levels=2008 bid/1684 ask  synced=True
2026-08-14 11:22:15.688  INFO      lobx.market_data.collector  [BTCUSDT] heartbeat | bid=62892.00×0.1832  ask=62892.01×9.7246  spread=0.01  levels=2014 bid/1716 ask  synced=True
2026-08-14 11:22:45.704  INFO      lobx.market_data.collector  [BTCUSDT] heartbeat | bid=62884.47×2.8398  ask=62884.48×4.4025  spread=0.01  levels=1996 bid/1725 ask  synced=True
2026-08-14 11:23:15.713  INFO      lobx.market_data.collector  [BTCUSDT] heartbeat | bid=62884.47×0.8729  ask=62884.48×4.0936  spread=0.01  levels=2003 bid/1720 ask  synced=True
2026-08-14 11:23:45.730  INFO      lobx.market_data.collector  [BTCUSDT] heartbeat | bid=62881.56×4.0245  ask=62881.57×5.0043  spread=0.01  levels=1974 bid/1729 ask  synced=True
2026-08-14 11:24:15.739  INFO      lobx.market_data.collector  [BTCUSDT] heartbeat | bid=62880.84×6.6589  ask=62880.85×4.6135  spread=0.01  levels=1997 bid/1745 ask  synced=True
2026-08-14 11:24:45.756  INFO      lobx.market_data.collector  [BTCUSDT] heartbeat | bid=62884.45×1.8041  ask=62884.46×6.7092  spread=0.01  levels=2019 bid/1722 ask  synced=True
2026-08-14 11:25:15.760  INFO      lobx.market_data.collector  [BTCUSDT] heartbeat | bid=62884.45×0.1608  ask=62884.46×5.8444  spread=0.01  levels=2049 bid/1737 ask  synced=True
2026-08-14 11:25:45.776  INFO      lobx.market_data.collector  [BTCUSDT] heartbeat | bid=62877.99×15.1539  ask=62878.00×0.2501  spread=0.01  levels=2027 bid/1758 ask  synced=True
2026-08-14 11:26:15.785  INFO      lobx.market_data.collector  [BTCUSDT] heartbeat | bid=62895.90×5.1638  ask=62895.91×0.8804  spread=0.01  levels=2075 bid/1712 ask  synced=True
2026-08-14 11:26:45.791  INFO      lobx.market_data.collector  [BTCUSDT] heartbeat | bid=62909.68×9.7790  ask=62909.69×3.4727  spread=0.01  levels=2107 bid/1691 ask  synced=True
2026-08-14 11:27:15.798  INFO      lobx.market_data.collector  [BTCUSDT] heartbeat | bid=62909.68×3.1466  ask=62909.69×4.9417  spread=0.01  levels=2106 bid/1694 ask  synced=True
2026-08-14 11:27:45.813  INFO      lobx.market_data.collector  [BTCUSDT] heartbeat | bid=62909.27×5.8961  ask=62909.28×6.2512  spread=0.01  levels=2121 bid/1686 ask  synced=True
2026-08-14 11:28:15.818  INFO      lobx.market_data.collector  [BTCUSDT] heartbeat | bid=62899.41×3.1961  ask=62899.42×6.9440  spread=0.01  levels=2089 bid/1713 ask  synced=True
2026-08-14 11:28:45.838  INFO      lobx.market_data.collector  [BTCUSDT] heartbeat | bid=62899.68×8.6242  ask=62899.69×0.8028  spread=0.01  levels=2100 bid/1732 ask  synced=True
2026-08-14 11:29:15.844  INFO      lobx.market_data.collector  [BTCUSDT] heartbeat | bid=62892.75×4.8852  ask=62892.76×3.8297  spread=0.01  levels=2098 bid/1751 ask  synced=True
2026-08-14 11:29:45.864  INFO      lobx.market_data.collector  [BTCUSDT] heartbeat | bid=62893.55×10.6890  ask=62893.56×0.5345  spread=0.01  levels=2097 bid/1760 ask  synced=True
2026-08-14 11:30:15.879  INFO      lobx.market_data.collector  [BTCUSDT] heartbeat | bid=62894.78×4.4250  ask=62894.79×7.7034  spread=0.01  levels=2099 bid/1729 ask  synced=True
2026-08-14 11:30:45.897  INFO      lobx.market_data.collector  [BTCUSDT] heartbeat | bid=62894.78×1.4981  ask=62894.79×6.2277  spread=0.01  levels=2101 bid/1733 ask  synced=True
2026-08-14 11:31:15.908  INFO      lobx.market_data.collector  [BTCUSDT] heartbeat | bid=62881.46×5.7588  ask=62881.47×0.9405  spread=0.01  levels=2079 bid/1779 ask  synced=True
2026-08-14 11:31:45.920  INFO      lobx.market_data.collector  [BTCUSDT] heartbeat | bid=62879.72×2.2318  ask=62879.73×11.3378  spread=0.01  levels=2081 bid/1780 ask  synced=True
2026-08-14 11:32:15.937  INFO      lobx.market_data.collector  [BTCUSDT] heartbeat | bid=62879.72×11.2746  ask=62879.73×0.6953  spread=0.01  levels=2087 bid/1795 ask  synced=True
2026-08-14 11:32:45.945  INFO      lobx.market_data.collector  [BTCUSDT] heartbeat | bid=62886.43×13.8371  ask=62886.44×0.0187  spread=0.01  levels=2103 bid/1745 ask  synced=True
2026-08-14 11:33:15.956  INFO      lobx.market_data.collector  [BTCUSDT] heartbeat | bid=62884.50×0.1888  ask=62884.51×8.1639  spread=0.01  levels=2112 bid/1779 ask  synced=True
2026-08-14 11:33:45.970  INFO      lobx.market_data.collector  [BTCUSDT] heartbeat | bid=62884.50×5.1549  ask=62884.51×3.4308  spread=0.01  levels=2123 bid/1787 ask  synced=True
2026-08-14 11:34:15.983  INFO      lobx.market_data.collector  [BTCUSDT] heartbeat | bid=62894.78×9.9413  ask=62894.79×1.2135  spread=0.01  levels=2141 bid/1737 ask  synced=True
2026-08-14 11:34:45.988  INFO      lobx.market_data.collector  [BTCUSDT] heartbeat | bid=62895.89×13.1626  ask=62895.90×0.0894  spread=0.01  levels=2139 bid/1746 ask  synced=True
2026-08-14 11:35:16.001  INFO      lobx.market_data.collector  [BTCUSDT] heartbeat | bid=62901.51×8.1641  ask=62901.52×2.0481  spread=0.01  levels=2159 bid/1737 ask  synced=True
2026-08-14 11:35:46.005  INFO      lobx.market_data.collector  [BTCUSDT] heartbeat | bid=62902.94×9.9762  ask=62902.95×0.1685  spread=0.01  levels=2171 bid/1733 ask  synced=True
2026-08-14 11:36:16.012  INFO      lobx.market_data.collector  [BTCUSDT] heartbeat | bid=62905.44×6.2475  ask=62905.45×2.0089  spread=0.01  levels=2174 bid/1735 ask  synced=True
2026-08-14 11:36:46.029  INFO      lobx.market_data.collector  [BTCUSDT] heartbeat | bid=62905.66×9.7354  ask=62905.67×1.1546  spread=0.01  levels=2178 bid/1736 ask  synced=True
2026-08-14 11:37:16.036  INFO      lobx.market_data.collector  [BTCUSDT] heartbeat | bid=62914.92×5.7014  ask=62914.93×4.3982  spread=0.01  levels=2217 bid/1690 ask  synced=True
2026-08-14 11:37:46.052  INFO      lobx.market_data.collector  [BTCUSDT] heartbeat | bid=62914.92×8.8435  ask=62914.93×3.0681  spread=0.01  levels=2210 bid/1715 ask  synced=True
2026-08-14 11:38:16.063  INFO      lobx.market_data.collector  [BTCUSDT] heartbeat | bid=62931.76×13.5691  ask=62931.77×2.4213  spread=0.01  levels=2219 bid/1683 ask  synced=True
2026-08-14 11:38:46.080  INFO      lobx.market_data.collector  [BTCUSDT] heartbeat | bid=62936.81×11.9137  ask=62936.82×0.5080  spread=0.01  levels=2264 bid/1685 ask  synced=True
2026-08-14 11:39:16.084  INFO      lobx.market_data.collector  [BTCUSDT] heartbeat | bid=62914.95×4.1114  ask=62914.96×6.2426  spread=0.01  levels=2224 bid/1769 ask  synced=True
2026-08-14 11:39:46.092  INFO      lobx.market_data.collector  [BTCUSDT] heartbeat | bid=62897.98×1.1760  ask=62897.99×10.6230  spread=0.01  levels=2173 bid/1795 ask  synced=True
2026-08-14 11:40:16.107  INFO      lobx.market_data.collector  [BTCUSDT] heartbeat | bid=62863.84×2.4922  ask=62863.85×11.4607  spread=0.01  levels=2124 bid/1856 ask  synced=True
2026-08-14 11:40:46.127  INFO      lobx.market_data.collector  [BTCUSDT] heartbeat | bid=62848.77×4.0819  ask=62848.78×9.5976  spread=0.01  levels=2123 bid/1904 ask  synced=True
2026-08-14 11:41:16.140  INFO      lobx.market_data.collector  [BTCUSDT] heartbeat | bid=62847.90×2.1249  ask=62847.91×6.1739  spread=0.01  levels=2136 bid/1876 ask  synced=True
2026-08-14 11:41:46.146  INFO      lobx.market_data.collector  [BTCUSDT] heartbeat | bid=62847.90×5.3175  ask=62847.91×0.6939  spread=0.01  levels=2145 bid/1883 ask  synced=True
2026-08-14 11:42:16.153  INFO      lobx.market_data.collector  [BTCUSDT] heartbeat | bid=62849.81×10.6437  ask=62849.82×4.4419  spread=0.01  levels=2117 bid/1844 ask  synced=True
2026-08-14 11:42:46.174  INFO      lobx.market_data.collector  [BTCUSDT] heartbeat | bid=62849.81×10.7779  ask=62849.82×0.1866  spread=0.01  levels=2126 bid/1841 ask  synced=True
2026-08-14 11:43:16.181  INFO      lobx.market_data.collector  [BTCUSDT] heartbeat | bid=62849.81×9.2308  ask=62849.82×3.9893  spread=0.01  levels=2127 bid/1844 ask  synced=True
2026-08-14 11:43:46.202  INFO      lobx.market_data.collector  [BTCUSDT] heartbeat | bid=62859.17×6.0194  ask=62859.18×4.6393  spread=0.01  levels=2167 bid/1830 ask  synced=True
2026-08-14 11:44:16.210  INFO      lobx.market_data.collector  [BTCUSDT] heartbeat | bid=62881.65×11.7103  ask=62881.66×1.2197  spread=0.01  levels=2234 bid/1790 ask  synced=True
2026-08-14 11:44:46.218  INFO      lobx.market_data.collector  [BTCUSDT] heartbeat | bid=62885.22×9.7498  ask=62885.23×0.4232  spread=0.01  levels=2272 bid/1795 ask  synced=True
2026-08-14 11:45:16.228  INFO      lobx.market_data.collector  [BTCUSDT] heartbeat | bid=62896.30×11.7806  ask=62896.31×2.0206  spread=0.01  levels=2297 bid/1817 ask  synced=True
2026-08-14 11:45:46.235  INFO      lobx.market_data.collector  [BTCUSDT] heartbeat | bid=62897.99×9.5380  ask=62898.00×5.6888  spread=0.01  levels=2286 bid/1827 ask  synced=True
2026-08-14 11:46:16.241  INFO      lobx.market_data.collector  [BTCUSDT] heartbeat | bid=62884.20×1.3904  ask=62884.21×9.4811  spread=0.01  levels=2245 bid/1860 ask  synced=True
2026-08-14 11:46:46.252  INFO      lobx.market_data.collector  [BTCUSDT] heartbeat | bid=62868.00×4.6403  ask=62868.01×7.9064  spread=0.01  levels=2193 bid/1888 ask  synced=True
2026-08-14 11:47:16.265  INFO      lobx.market_data.collector  [BTCUSDT] heartbeat | bid=62871.43×9.7970  ask=62871.44×4.2746  spread=0.01  levels=2215 bid/1892 ask  synced=True
2026-08-14 11:47:46.274  INFO      lobx.market_data.collector  [BTCUSDT] heartbeat | bid=62871.43×7.4673  ask=62871.44×3.4081  spread=0.01  levels=2223 bid/1908 ask  synced=True
2026-08-14 11:48:16.279  INFO      lobx.market_data.collector  [BTCUSDT] heartbeat | bid=62860.00×2.7283  ask=62860.01×11.3148  spread=0.01  levels=2192 bid/1900 ask  synced=True
2026-08-14 11:48:46.285  INFO      lobx.market_data.collector  [BTCUSDT] heartbeat | bid=62860.00×0.5753  ask=62860.01×6.0258  spread=0.01  levels=2195 bid/1924 ask  synced=True
2026-08-14 11:49:16.286  INFO      lobx.market_data.collector  [BTCUSDT] heartbeat | bid=62865.99×12.2080  ask=62866.00×0.2227  spread=0.01  levels=2214 bid/1896 ask  synced=True
2026-08-14 11:49:46.296  INFO      lobx.market_data.collector  [BTCUSDT] heartbeat | bid=62867.25×10.2124  ask=62867.26×3.8027  spread=0.01  levels=2228 bid/1931 ask  synced=True
2026-08-14 11:50:16.314  INFO      lobx.market_data.collector  [BTCUSDT] heartbeat | bid=62881.12×12.3278  ask=62881.13×3.9314  spread=0.01  levels=2288 bid/1925 ask  synced=True
2026-08-14 11:50:46.323  INFO      lobx.market_data.collector  [BTCUSDT] heartbeat | bid=62906.93×10.2989  ask=62906.94×2.5707  spread=0.01  levels=2348 bid/1852 ask  synced=True
2026-08-14 11:51:16.330  INFO      lobx.market_data.collector  [BTCUSDT] heartbeat | bid=62898.00×4.5870  ask=62898.01×4.7174  spread=0.01  levels=2351 bid/1901 ask  synced=True
2026-08-14 11:51:46.341  INFO      lobx.market_data.collector  [BTCUSDT] heartbeat | bid=62898.00×4.4034  ask=62898.01×4.5256  spread=0.01  levels=2365 bid/1905 ask  synced=True
2026-08-14 11:52:16.351  INFO      lobx.market_data.collector  [BTCUSDT] heartbeat | bid=62905.59×12.0277  ask=62905.60×3.4108  spread=0.01  levels=2390 bid/1880 ask  synced=True
2026-08-14 11:52:46.371  INFO      lobx.market_data.collector  [BTCUSDT] heartbeat | bid=62909.99×13.9069  ask=62910.00×3.0253  spread=0.01  levels=2396 bid/1875 ask  synced=True
2026-08-14 11:53:16.391  INFO      lobx.market_data.collector  [BTCUSDT] heartbeat | bid=62904.12×6.3446  ask=62904.13×0.8482  spread=0.01  levels=2387 bid/1881 ask  synced=True
2026-08-14 11:53:46.402  INFO      lobx.market_data.collector  [BTCUSDT] heartbeat | bid=62904.12×6.5315  ask=62904.13×0.4112  spread=0.01  levels=2380 bid/1900 ask  synced=True
2026-08-14 11:54:16.412  INFO      lobx.market_data.collector  [BTCUSDT] heartbeat | bid=62909.96×10.7464  ask=62909.97×1.5969  spread=0.01  levels=2409 bid/1891 ask  synced=True
2026-08-14 11:54:46.421  INFO      lobx.market_data.collector  [BTCUSDT] heartbeat | bid=62915.78×5.8634  ask=62915.79×0.5461  spread=0.01  levels=2432 bid/1889 ask  synced=True
2026-08-14 11:55:16.436  INFO      lobx.market_data.collector  [BTCUSDT] heartbeat | bid=62929.72×7.9179  ask=62929.73×1.0748  spread=0.01  levels=2460 bid/1879 ask  synced=True
2026-08-14 11:55:46.444  INFO      lobx.market_data.collector  [BTCUSDT] heartbeat | bid=62930.51×9.3351  ask=62930.52×0.8907  spread=0.01  levels=2467 bid/1836 ask  synced=True
2026-08-14 11:56:16.451  INFO      lobx.market_data.collector  [BTCUSDT] heartbeat | bid=62928.06×3.5691  ask=62928.07×7.0111  spread=0.01  levels=2455 bid/1848 ask  synced=True
2026-08-14 11:56:46.463  INFO      lobx.market_data.collector  [BTCUSDT] heartbeat | bid=62923.70×3.6774  ask=62923.71×10.3622  spread=0.01  levels=2418 bid/1864 ask  synced=True
2026-08-14 11:57:16.473  INFO      lobx.market_data.collector  [BTCUSDT] heartbeat | bid=62923.70×2.6499  ask=62923.71×10.2283  spread=0.01  levels=2427 bid/1874 ask  synced=True
2026-08-14 11:57:46.482  INFO      lobx.market_data.collector  [BTCUSDT] heartbeat | bid=62900.00×5.5943  ask=62900.01×11.6001  spread=0.01  levels=2356 bid/1939 ask  synced=True
2026-08-14 11:58:16.496  INFO      lobx.market_data.collector  [BTCUSDT] heartbeat | bid=62872.94×3.6900  ask=62872.95×7.4513  spread=0.01  levels=2313 bid/1981 ask  synced=True
2026-08-14 11:58:46.502  INFO      lobx.market_data.collector  [BTCUSDT] heartbeat | bid=62872.94×0.0073  ask=62872.95×7.4930  spread=0.01  levels=2350 bid/1996 ask  synced=True
2026-08-14 11:59:16.518  INFO      lobx.market_data.collector  [BTCUSDT] heartbeat | bid=62860.00×6.5616  ask=62860.01×5.6846  spread=0.01  levels=2332 bid/2016 ask  synced=True
2026-08-14 11:59:46.531  INFO      lobx.market_data.collector  [BTCUSDT] heartbeat | bid=62860.00×6.6043  ask=62860.01×3.2614  spread=0.01  levels=2336 bid/2025 ask  synced=True
2026-08-14 12:00:16.550  INFO      lobx.market_data.collector  [BTCUSDT] heartbeat | bid=62901.99×4.5428  ask=62902.00×5.4938  spread=0.01  levels=2468 bid/1949 ask  synced=True
2026-08-14 12:00:46.562  INFO      lobx.market_data.collector  [BTCUSDT] heartbeat | bid=62890.01×5.9684  ask=62890.02×6.8961  spread=0.01  levels=2443 bid/1985 ask  synced=True
2026-08-14 12:01:16.578  INFO      lobx.market_data.collector  [BTCUSDT] heartbeat | bid=62890.01×9.1988  ask=62890.02×5.0977  spread=0.01  levels=2416 bid/2011 ask  synced=True
2026-08-14 12:01:46.587  INFO      lobx.market_data.collector  [BTCUSDT] heartbeat | bid=62842.07×3.9826  ask=62842.08×5.1404  spread=0.01  levels=2298 bid/2016 ask  synced=True
2026-08-14 12:02:16.604  INFO      lobx.market_data.collector  [BTCUSDT] heartbeat | bid=62852.52×11.8738  ask=62852.53×0.1880  spread=0.01  levels=2353 bid/2006 ask  synced=True
2026-08-14 12:02:46.617  INFO      lobx.market_data.collector  [BTCUSDT] heartbeat | bid=62855.24×11.3141  ask=62855.25×0.2153  spread=0.01  levels=2400 bid/2029 ask  synced=True
2026-08-14 12:03:16.629  INFO      lobx.market_data.collector  [BTCUSDT] heartbeat | bid=62859.66×1.6274  ask=62859.67×9.0814  spread=0.01  levels=2380 bid/1992 ask  synced=True
2026-08-14 12:03:46.650  INFO      lobx.market_data.collector  [BTCUSDT] heartbeat | bid=62871.27×4.1205  ask=62871.28×5.3576  spread=0.01  levels=2460 bid/2020 ask  synced=True
2026-08-14 12:04:16.668  INFO      lobx.market_data.collector  [BTCUSDT] heartbeat | bid=62868.01×3.6393  ask=62868.02×6.2944  spread=0.01  levels=2466 bid/2025 ask  synced=True
2026-08-14 12:04:46.674  INFO      lobx.market_data.collector  [BTCUSDT] heartbeat | bid=62868.01×9.1529  ask=62868.02×3.4376  spread=0.01  levels=2428 bid/2043 ask  synced=True
2026-08-14 12:05:16.682  INFO      lobx.market_data.collector  [BTCUSDT] heartbeat | bid=62868.01×3.9798  ask=62868.02×5.5449  spread=0.01  levels=2440 bid/2017 ask  synced=True
2026-08-14 12:05:46.691  INFO      lobx.market_data.collector  [BTCUSDT] heartbeat | bid=62846.00×10.1556  ask=62846.01×0.7166  spread=0.01  levels=2388 bid/2016 ask  synced=True
2026-08-14 12:06:16.706  INFO      lobx.market_data.collector  [BTCUSDT] heartbeat | bid=62842.01×4.0251  ask=62842.02×5.8457  spread=0.01  levels=2416 bid/2072 ask  synced=True
2026-08-14 12:06:46.721  INFO      lobx.market_data.collector  [BTCUSDT] heartbeat | bid=62817.59×0.1522  ask=62817.60×1.2380  spread=0.01  levels=2334 bid/2092 ask  synced=True
2026-08-14 12:07:16.736  INFO      lobx.market_data.collector  [BTCUSDT] heartbeat | bid=62838.59×10.6841  ask=62838.60×0.1578  spread=0.01  levels=2426 bid/2042 ask  synced=True
2026-08-14 12:07:46.756  INFO      lobx.market_data.collector  [BTCUSDT] heartbeat | bid=62855.10×5.4987  ask=62855.11×3.6148  spread=0.01  levels=2501 bid/2040 ask  synced=True
2026-08-14 12:08:16.760  INFO      lobx.market_data.collector  [BTCUSDT] heartbeat | bid=62850.40×0.2941  ask=62850.41×8.0953  spread=0.01  levels=2441 bid/2059 ask  synced=True
2026-08-14 12:08:46.772  INFO      lobx.market_data.collector  [BTCUSDT] heartbeat | bid=62844.18×0.2321  ask=62844.19×10.2851  spread=0.01  levels=2426 bid/2032 ask  synced=True
2026-08-14 12:09:16.789  INFO      lobx.market_data.collector  [BTCUSDT] heartbeat | bid=62844.18×6.2008  ask=62844.19×3.1774  spread=0.01  levels=2465 bid/2037 ask  synced=True
2026-08-14 12:09:46.796  INFO      lobx.market_data.collector  [BTCUSDT] heartbeat | bid=62801.14×6.2077  ask=62801.15×2.8508  spread=0.01  levels=2363 bid/2114 ask  synced=True
2026-08-14 12:10:16.809  INFO      lobx.market_data.collector  [BTCUSDT] heartbeat | bid=62803.77×12.9562  ask=62803.78×2.7223  spread=0.01  levels=2379 bid/2110 ask  synced=True
2026-08-14 12:10:46.828  INFO      lobx.market_data.collector  [BTCUSDT] heartbeat | bid=62800.00×6.3423  ask=62800.01×11.0109  spread=0.01  levels=2373 bid/2120 ask  synced=True
2026-08-14 12:11:16.837  INFO      lobx.market_data.collector  [BTCUSDT] heartbeat | bid=62786.00×5.3837  ask=62786.01×11.0665  spread=0.01  levels=2359 bid/2112 ask  synced=True
2026-08-14 12:11:46.841  INFO      lobx.market_data.collector  [BTCUSDT] heartbeat | bid=62792.68×5.1935  ask=62792.69×10.0267  spread=0.01  levels=2419 bid/2121 ask  synced=True
2026-08-14 12:12:16.848  INFO      lobx.market_data.collector  [BTCUSDT] heartbeat | bid=62775.99×7.7789  ask=62776.00×5.2315  spread=0.01  levels=2384 bid/2168 ask  synced=True
2026-08-14 12:12:46.866  INFO      lobx.market_data.collector  [BTCUSDT] heartbeat | bid=62774.69×0.1673  ask=62774.70×10.2706  spread=0.01  levels=2392 bid/2175 ask  synced=True
2026-08-14 12:13:16.882  INFO      lobx.market_data.collector  [BTCUSDT] heartbeat | bid=62774.69×10.9561  ask=62774.70×2.0117  spread=0.01  levels=2385 bid/2178 ask  synced=True
2026-08-14 12:13:46.893  INFO      lobx.market_data.collector  [BTCUSDT] heartbeat | bid=62803.82×11.0660  ask=62803.83×0.1504  spread=0.01  levels=2490 bid/2068 ask  synced=True
2026-08-14 12:14:16.907  INFO      lobx.market_data.collector  [BTCUSDT] heartbeat | bid=62796.86×9.8438  ask=62796.87×0.2682  spread=0.01  levels=2488 bid/2132 ask  synced=True
2026-08-14 12:14:46.921  INFO      lobx.market_data.collector  [BTCUSDT] heartbeat | bid=62805.99×9.9223  ask=62806.00×0.2394  spread=0.01  levels=2527 bid/2120 ask  synced=True
2026-08-14 12:15:16.929  INFO      lobx.market_data.collector  [BTCUSDT] heartbeat | bid=62827.45×1.7307  ask=62827.46×6.8774  spread=0.01  levels=2605 bid/2091 ask  synced=True
2026-08-14 12:15:46.940  INFO      lobx.market_data.collector  [BTCUSDT] heartbeat | bid=62847.99×14.0484  ask=62848.00×0.2090  spread=0.01  levels=2640 bid/2044 ask  synced=True
2026-08-14 12:16:16.953  INFO      lobx.market_data.collector  [BTCUSDT] heartbeat | bid=62857.70×4.1511  ask=62857.71×9.1336  spread=0.01  levels=2640 bid/2073 ask  synced=True
2026-08-14 12:16:46.969  INFO      lobx.market_data.collector  [BTCUSDT] heartbeat | bid=62865.99×9.4791  ask=62866.00×2.6528  spread=0.01  levels=2659 bid/2050 ask  synced=True
2026-08-14 12:17:16.977  INFO      lobx.market_data.collector  [BTCUSDT] heartbeat | bid=62851.91×0.0541  ask=62851.92×10.0192  spread=0.01  levels=2639 bid/2103 ask  synced=True
2026-08-14 12:17:46.990  INFO      lobx.market_data.collector  [BTCUSDT] heartbeat | bid=62850.00×5.1724  ask=62850.01×4.1802  spread=0.01  levels=2660 bid/2115 ask  synced=True
2026-08-14 12:18:17.004  INFO      lobx.market_data.collector  [BTCUSDT] heartbeat | bid=62842.00×5.4991  ask=62842.01×4.5230  spread=0.01  levels=2633 bid/2135 ask  synced=True
2026-08-14 12:18:47.014  INFO      lobx.market_data.collector  [BTCUSDT] heartbeat | bid=62828.00×0.0094  ask=62828.01×10.2511  spread=0.01  levels=2565 bid/2128 ask  synced=True
2026-08-14 12:19:17.019  INFO      lobx.market_data.collector  [BTCUSDT] heartbeat | bid=62821.39×2.1580  ask=62821.40×4.9401  spread=0.01  levels=2593 bid/2190 ask  synced=True
2026-08-14 12:19:47.025  INFO      lobx.market_data.collector  [BTCUSDT] heartbeat | bid=62804.00×0.1163  ask=62804.01×9.3892  spread=0.01  levels=2567 bid/2209 ask  synced=True
2026-08-14 12:20:17.028  INFO      lobx.market_data.collector  [BTCUSDT] heartbeat | bid=62815.18×9.8565  ask=62815.19×1.3569  spread=0.01  levels=2625 bid/2177 ask  synced=True
2026-08-14 12:20:47.044  INFO      lobx.market_data.collector  [BTCUSDT] heartbeat | bid=62840.96×4.0263  ask=62840.97×3.1204  spread=0.01  levels=2677 bid/2143 ask  synced=True
2026-08-14 12:21:17.054  INFO      lobx.market_data.collector  [BTCUSDT] heartbeat | bid=62831.41×3.6517  ask=62831.42×10.4462  spread=0.01  levels=2651 bid/2148 ask  synced=True
2026-08-14 12:21:47.069  INFO      lobx.market_data.collector  [BTCUSDT] heartbeat | bid=62821.61×1.6384  ask=62821.62×7.0588  spread=0.01  levels=2622 bid/2164 ask  synced=True
2026-08-14 12:22:17.074  INFO      lobx.market_data.collector  [BTCUSDT] heartbeat | bid=62827.22×5.5716  ask=62827.23×3.2999  spread=0.01  levels=2682 bid/2169 ask  synced=True
2026-08-14 12:22:47.080  INFO      lobx.market_data.collector  [BTCUSDT] heartbeat | bid=62831.83×5.2168  ask=62831.84×4.6392  spread=0.01  levels=2710 bid/2173 ask  synced=True
2026-08-14 12:23:17.093  INFO      lobx.market_data.collector  [BTCUSDT] heartbeat | bid=62835.99×10.3208  ask=62836.00×2.9102  spread=0.01  levels=2712 bid/2157 ask  synced=True
2026-08-14 12:23:47.106  INFO      lobx.market_data.collector  [BTCUSDT] heartbeat | bid=62841.50×4.4209  ask=62841.51×5.0160  spread=0.01  levels=2740 bid/2143 ask  synced=True
2026-08-14 12:24:17.110  INFO      lobx.market_data.collector  [BTCUSDT] heartbeat | bid=62855.78×10.0516  ask=62855.79×2.6384  spread=0.01  levels=2781 bid/2121 ask  synced=True
2026-08-14 12:24:47.125  INFO      lobx.market_data.collector  [BTCUSDT] heartbeat | bid=62869.99×6.1722  ask=62870.00×2.3028  spread=0.01  levels=2808 bid/2097 ask  synced=True
2026-08-14 12:25:17.137  INFO      lobx.market_data.collector  [BTCUSDT] heartbeat | bid=62879.99×11.9476  ask=62880.00×0.0343  spread=0.01  levels=2776 bid/2064 ask  synced=True
2026-08-14 12:25:47.146  INFO      lobx.market_data.collector  [BTCUSDT] heartbeat | bid=62879.99×5.0662  ask=62880.00×0.3383  spread=0.01  levels=2796 bid/2074 ask  synced=True
2026-08-14 12:26:17.156  INFO      lobx.market_data.collector  [BTCUSDT] heartbeat | bid=62874.95×4.2390  ask=62874.96×6.5029  spread=0.01  levels=2788 bid/2080 ask  synced=True
2026-08-14 12:26:47.162  INFO      lobx.market_data.collector  [BTCUSDT] heartbeat | bid=62877.99×9.8366  ask=62878.00×3.9499  spread=0.01  levels=2814 bid/2085 ask  synced=True
2026-08-14 12:27:17.176  INFO      lobx.market_data.collector  [BTCUSDT] heartbeat | bid=62856.07×2.7353  ask=62856.08×8.7575  spread=0.01  levels=2750 bid/2137 ask  synced=True
2026-08-14 12:27:47.187  INFO      lobx.market_data.collector  [BTCUSDT] heartbeat | bid=62851.35×4.5283  ask=62851.36×6.9262  spread=0.01  levels=2721 bid/2156 ask  synced=True
2026-08-14 12:28:17.196  INFO      lobx.market_data.collector  [BTCUSDT] heartbeat | bid=62855.13×7.2436  ask=62855.14×2.6810  spread=0.01  levels=2750 bid/2149 ask  synced=True
2026-08-14 12:28:47.203  INFO      lobx.market_data.collector  [BTCUSDT] heartbeat | bid=62878.80×7.5366  ask=62878.81×4.8713  spread=0.01  levels=2816 bid/2085 ask  synced=True
2026-08-14 12:29:17.212  INFO      lobx.market_data.collector  [BTCUSDT] heartbeat | bid=62878.80×4.6704  ask=62878.81×5.4076  spread=0.01  levels=2810 bid/2083 ask  synced=True
2026-08-14 12:29:47.221  INFO      lobx.market_data.collector  [BTCUSDT] heartbeat | bid=62891.98×6.2368  ask=62891.99×4.5824  spread=0.01  levels=2824 bid/2068 ask  synced=True
2026-08-14 12:30:17.227  INFO      lobx.market_data.collector  [BTCUSDT] heartbeat | bid=62877.05×9.5486  ask=62877.06×2.5548  spread=0.01  levels=2759 bid/2092 ask  synced=True
2026-08-14 12:30:47.231  INFO      lobx.market_data.collector  [BTCUSDT] heartbeat | bid=62853.55×4.9130  ask=62853.56×4.0498  spread=0.01  levels=2740 bid/2182 ask  synced=True
2026-08-14 12:31:17.245  INFO      lobx.market_data.collector  [BTCUSDT] heartbeat | bid=62858.74×0.3965  ask=62858.75×9.3914  spread=0.01  levels=2810 bid/2191 ask  synced=True
2026-08-14 12:31:47.255  INFO      lobx.market_data.collector  [BTCUSDT] heartbeat | bid=62895.99×13.0459  ask=62896.00×1.1479  spread=0.01  levels=2905 bid/2126 ask  synced=True
2026-08-14 12:32:17.267  INFO      lobx.market_data.collector  [BTCUSDT] heartbeat | bid=62907.04×1.5658  ask=62907.05×5.7839  spread=0.01  levels=2908 bid/2142 ask  synced=True
2026-08-14 12:32:47.280  INFO      lobx.market_data.collector  [BTCUSDT] heartbeat | bid=62894.03×3.3482  ask=62894.04×9.1946  spread=0.01  levels=2850 bid/2165 ask  synced=True
2026-08-14 12:33:17.283  INFO      lobx.market_data.collector  [BTCUSDT] heartbeat | bid=62887.99×5.8992  ask=62888.00×0.5040  spread=0.01  levels=2868 bid/2229 ask  synced=True
2026-08-14 12:33:47.297  INFO      lobx.market_data.collector  [BTCUSDT] heartbeat | bid=62875.73×8.5264  ask=62875.74×0.3144  spread=0.01  levels=2878 bid/2258 ask  synced=True
2026-08-14 12:34:17.310  INFO      lobx.market_data.collector  [BTCUSDT] heartbeat | bid=62873.17×4.9204  ask=62873.18×1.8482  spread=0.01  levels=2879 bid/2285 ask  synced=True
2026-08-14 12:34:47.315  INFO      lobx.market_data.collector  [BTCUSDT] heartbeat | bid=62862.01×2.3931  ask=62862.02×5.8850  spread=0.01  levels=2861 bid/2301 ask  synced=True
2026-08-14 12:35:17.327  INFO      lobx.market_data.collector  [BTCUSDT] heartbeat | bid=62851.35×3.1452  ask=62851.36×8.4319  spread=0.01  levels=2829 bid/2300 ask  synced=True
2026-08-14 12:35:47.343  INFO      lobx.market_data.collector  [BTCUSDT] heartbeat | bid=62841.51×2.5242  ask=62841.52×7.7545  spread=0.01  levels=2824 bid/2299 ask  synced=True
2026-08-14 12:36:17.349  INFO      lobx.market_data.collector  [BTCUSDT] heartbeat | bid=62841.51×3.3268  ask=62841.52×5.4193  spread=0.01  levels=2825 bid/2311 ask  synced=True
2026-08-14 12:36:47.366  INFO      lobx.market_data.collector  [BTCUSDT] heartbeat | bid=62852.29×5.4332  ask=62852.30×3.9808  spread=0.01  levels=2884 bid/2279 ask  synced=True
2026-08-14 12:37:17.370  INFO      lobx.market_data.collector  [BTCUSDT] heartbeat | bid=62852.29×3.2785  ask=62852.30×4.8120  spread=0.01  levels=2890 bid/2276 ask  synced=True
2026-08-14 12:37:47.378  INFO      lobx.market_data.collector  [BTCUSDT] heartbeat | bid=62853.55×7.7369  ask=62853.56×2.5827  spread=0.01  levels=2899 bid/2268 ask  synced=True
2026-08-14 12:38:17.380  INFO      lobx.market_data.collector  [BTCUSDT] heartbeat | bid=62849.84×3.0364  ask=62849.85×11.5278  spread=0.01  levels=2866 bid/2283 ask  synced=True
2026-08-14 12:38:47.398  INFO      lobx.market_data.collector  [BTCUSDT] heartbeat | bid=62832.61×3.3649  ask=62832.62×8.9019  spread=0.01  levels=2824 bid/2326 ask  synced=True
2026-08-14 12:39:17.407  INFO      lobx.market_data.collector  [BTCUSDT] heartbeat | bid=62815.43×0.1668  ask=62815.44×7.2455  spread=0.01  levels=2801 bid/2352 ask  synced=True
2026-08-14 12:39:47.410  INFO      lobx.market_data.collector  [BTCUSDT] heartbeat | bid=62815.99×11.2827  ask=62816.00×0.0824  spread=0.01  levels=2839 bid/2332 ask  synced=True
2026-08-14 12:40:17.418  INFO      lobx.market_data.collector  [BTCUSDT] heartbeat | bid=62821.99×4.2103  ask=62822.00×4.4878  spread=0.01  levels=2874 bid/2333 ask  synced=True
2026-08-14 12:40:47.424  INFO      lobx.market_data.collector  [BTCUSDT] heartbeat | bid=62800.02×5.2199  ask=62800.03×2.8070  spread=0.01  levels=2769 bid/2341 ask  synced=True
2026-08-14 12:41:17.430  INFO      lobx.market_data.collector  [BTCUSDT] heartbeat | bid=62789.92×4.6333  ask=62789.93×4.0623  spread=0.01  levels=2789 bid/2391 ask  synced=True
2026-08-14 12:41:47.446  INFO      lobx.market_data.collector  [BTCUSDT] heartbeat | bid=62789.92×4.2671  ask=62789.93×2.3133  spread=0.01  levels=2804 bid/2385 ask  synced=True
2026-08-14 12:42:17.460  INFO      lobx.market_data.collector  [BTCUSDT] heartbeat | bid=62796.22×6.0920  ask=62796.23×2.9922  spread=0.01  levels=2847 bid/2379 ask  synced=True
2026-08-14 12:42:47.473  INFO      lobx.market_data.collector  [BTCUSDT] heartbeat | bid=62796.22×8.6173  ask=62796.23×0.7417  spread=0.01  levels=2852 bid/2397 ask  synced=True
2026-08-14 12:43:17.481  INFO      lobx.market_data.collector  [BTCUSDT] heartbeat | bid=62796.22×2.6704  ask=62796.23×5.5538  spread=0.01  levels=2857 bid/2395 ask  synced=True
2026-08-14 12:43:47.491  INFO      lobx.market_data.collector  [BTCUSDT] heartbeat | bid=62789.93×1.2333  ask=62789.94×9.5649  spread=0.01  levels=2833 bid/2393 ask  synced=True
2026-08-14 12:44:17.506  INFO      lobx.market_data.collector  [BTCUSDT] heartbeat | bid=62770.00×3.2315  ask=62770.01×10.7159  spread=0.01  levels=2815 bid/2432 ask  synced=True
2026-08-14 12:44:47.511  INFO      lobx.market_data.collector  [BTCUSDT] heartbeat | bid=62762.00×2.5112  ask=62762.01×7.3701  spread=0.01  levels=2804 bid/2442 ask  synced=True
2026-08-14 12:45:17.515  INFO      lobx.market_data.collector  [BTCUSDT] heartbeat | bid=62761.90×4.5866  ask=62761.91×2.8270  spread=0.01  levels=2824 bid/2473 ask  synced=True
2026-08-14 12:45:47.521  INFO      lobx.market_data.collector  [BTCUSDT] heartbeat | bid=62778.67×0.2446  ask=62778.68×5.5835  spread=0.01  levels=2867 bid/2440 ask  synced=True
2026-08-14 12:46:17.529  INFO      lobx.market_data.collector  [BTCUSDT] heartbeat | bid=62763.77×2.6734  ask=62763.78×9.6155  spread=0.01  levels=2877 bid/2446 ask  synced=True
2026-08-14 12:46:47.539  INFO      lobx.market_data.collector  [BTCUSDT] heartbeat | bid=62762.01×1.0881  ask=62762.02×6.2005  spread=0.01  levels=2882 bid/2454 ask  synced=True
2026-08-14 12:47:17.545  INFO      lobx.market_data.collector  [BTCUSDT] heartbeat | bid=62750.00×0.4027  ask=62750.01×10.1062  spread=0.01  levels=2858 bid/2447 ask  synced=True
2026-08-14 12:47:47.550  INFO      lobx.market_data.collector  [BTCUSDT] heartbeat | bid=62740.00×8.1532  ask=62740.01×1.7651  spread=0.01  levels=2873 bid/2486 ask  synced=True
2026-08-14 12:48:17.561  INFO      lobx.market_data.collector  [BTCUSDT] heartbeat | bid=62769.93×7.8456  ask=62769.94×3.8306  spread=0.01  levels=2967 bid/2468 ask  synced=True
2026-08-14 12:48:47.572  INFO      lobx.market_data.collector  [BTCUSDT] heartbeat | bid=62753.26×4.6125  ask=62753.27×2.9825  spread=0.01  levels=2913 bid/2501 ask  synced=True
2026-08-14 12:49:17.591  INFO      lobx.market_data.collector  [BTCUSDT] heartbeat | bid=62775.14×2.6980  ask=62775.15×5.0106  spread=0.01  levels=2949 bid/2419 ask  synced=True
2026-08-14 12:49:47.598  INFO      lobx.market_data.collector  [BTCUSDT] heartbeat | bid=62767.67×6.1643  ask=62767.68×2.0842  spread=0.01  levels=2978 bid/2477 ask  synced=True
2026-08-14 12:50:17.610  INFO      lobx.market_data.collector  [BTCUSDT] heartbeat | bid=62785.82×4.2142  ask=62785.83×4.1795  spread=0.01  levels=3033 bid/2456 ask  synced=True
2026-08-14 12:50:47.618  INFO      lobx.market_data.collector  [BTCUSDT] heartbeat | bid=62811.78×3.2892  ask=62811.79×4.5622  spread=0.01  levels=3084 bid/2394 ask  synced=True
2026-08-14 12:51:17.624  INFO      lobx.market_data.collector  [BTCUSDT] heartbeat | bid=62804.29×0.6640  ask=62804.30×9.3578  spread=0.01  levels=3047 bid/2409 ask  synced=True
2026-08-14 12:51:47.639  INFO      lobx.market_data.collector  [BTCUSDT] heartbeat | bid=62790.00×3.3626  ask=62790.01×6.5769  spread=0.01  levels=3020 bid/2448 ask  synced=True
2026-08-14 12:52:17.657  INFO      lobx.market_data.collector  [BTCUSDT] heartbeat | bid=62756.72×4.1799  ask=62756.73×4.5241  spread=0.01  levels=2951 bid/2529 ask  synced=True
2026-08-14 12:52:47.672  INFO      lobx.market_data.collector  [BTCUSDT] heartbeat | bid=62752.10×4.8034  ask=62752.11×4.3979  spread=0.01  levels=2975 bid/2550 ask  synced=True
2026-08-14 12:53:17.689  INFO      lobx.market_data.collector  [BTCUSDT] heartbeat | bid=62736.32×5.3118  ask=62736.33×3.9664  spread=0.01  levels=2957 bid/2559 ask  synced=True
2026-08-14 12:53:47.706  INFO      lobx.market_data.collector  [BTCUSDT] heartbeat | bid=62741.52×9.1462  ask=62741.53×2.6110  spread=0.01  levels=2970 bid/2502 ask  synced=True
2026-08-14 12:54:17.717  INFO      lobx.market_data.collector  [BTCUSDT] heartbeat | bid=62759.25×10.3188  ask=62759.26×1.6297  spread=0.01  levels=3063 bid/2500 ask  synced=True
2026-08-14 12:54:47.736  INFO      lobx.market_data.collector  [BTCUSDT] heartbeat | bid=62777.89×8.9939  ask=62777.90×0.2949  spread=0.01  levels=3113 bid/2484 ask  synced=True
2026-08-14 12:55:17.752  INFO      lobx.market_data.collector  [BTCUSDT] heartbeat | bid=62787.99×2.1586  ask=62788.00×5.3051  spread=0.01  levels=3138 bid/2462 ask  synced=True
2026-08-14 12:55:47.767  INFO      lobx.market_data.collector  [BTCUSDT] heartbeat | bid=62786.33×7.6905  ask=62786.34×1.1826  spread=0.01  levels=3139 bid/2475 ask  synced=True
2026-08-14 12:56:17.773  INFO      lobx.market_data.collector  [BTCUSDT] heartbeat | bid=62787.51×6.0891  ask=62787.52×4.0935  spread=0.01  levels=3140 bid/2471 ask  synced=True
2026-08-14 12:56:47.782  INFO      lobx.market_data.collector  [BTCUSDT] heartbeat | bid=62787.51×6.7178  ask=62787.52×3.1115  spread=0.01  levels=3151 bid/2473 ask  synced=True
2026-08-14 12:57:17.789  INFO      lobx.market_data.collector  [BTCUSDT] heartbeat | bid=62779.54×3.1117  ask=62779.55×9.7452  spread=0.01  levels=3132 bid/2512 ask  synced=True
2026-08-14 12:57:47.800  INFO      lobx.market_data.collector  [BTCUSDT] heartbeat | bid=62764.18×3.9791  ask=62764.19×6.0579  spread=0.01  levels=3114 bid/2567 ask  synced=True
2026-08-14 12:58:17.808  INFO      lobx.market_data.collector  [BTCUSDT] heartbeat | bid=62752.94×3.4998  ask=62752.95×7.3454  spread=0.01  levels=3060 bid/2562 ask  synced=True
2026-08-14 12:58:47.814  INFO      lobx.market_data.collector  [BTCUSDT] heartbeat | bid=62735.04×5.3791  ask=62735.05×5.1924  spread=0.01  levels=3043 bid/2604 ask  synced=True
2026-08-14 12:59:17.825  INFO      lobx.market_data.collector  [BTCUSDT] heartbeat | bid=62732.54×8.0591  ask=62732.55×0.1878  spread=0.01  levels=3041 bid/2581 ask  synced=True
2026-08-14 12:59:47.831  INFO      lobx.market_data.collector  [BTCUSDT] heartbeat | bid=62746.00×4.9780  ask=62746.01×7.3015  spread=0.01  levels=3095 bid/2566 ask  synced=True
2026-08-14 13:00:17.839  INFO      lobx.market_data.collector  [BTCUSDT] heartbeat | bid=62741.53×0.2198  ask=62741.54×8.5010  spread=0.01  levels=3069 bid/2570 ask  synced=True
2026-08-14 13:00:47.855  INFO      lobx.market_data.collector  [BTCUSDT] heartbeat | bid=62730.00×0.4824  ask=62730.01×5.8879  spread=0.01  levels=3044 bid/2618 ask  synced=True
2026-08-14 13:01:17.864  INFO      lobx.market_data.collector  [BTCUSDT] heartbeat | bid=62712.05×3.7051  ask=62712.06×5.3388  spread=0.01  levels=2987 bid/2645 ask  synced=True
2026-08-14 13:01:47.874  INFO      lobx.market_data.collector  [BTCUSDT] heartbeat | bid=62738.13×9.9182  ask=62738.14×2.2347  spread=0.01  levels=3103 bid/2557 ask  synced=True
2026-08-14 13:02:17.883  INFO      lobx.market_data.collector  [BTCUSDT] heartbeat | bid=62718.24×2.7077  ask=62718.25×7.9477  spread=0.01  levels=3045 bid/2593 ask  synced=True
2026-08-14 13:02:47.884  INFO      lobx.market_data.collector  [BTCUSDT] heartbeat | bid=62720.45×9.8087  ask=62720.46×0.2390  spread=0.01  levels=3112 bid/2658 ask  synced=True
2026-08-14 13:03:17.895  INFO      lobx.market_data.collector  [BTCUSDT] heartbeat | bid=62718.42×4.8665  ask=62718.43×7.2021  spread=0.01  levels=3102 bid/2661 ask  synced=True
2026-08-14 13:03:47.905  INFO      lobx.market_data.collector  [BTCUSDT] heartbeat | bid=62712.79×0.6035  ask=62712.80×6.7774  spread=0.01  levels=3104 bid/2678 ask  synced=True
2026-08-14 13:04:17.913  INFO      lobx.market_data.collector  [BTCUSDT] heartbeat | bid=62674.29×4.7090  ask=62674.30×6.0768  spread=0.01  levels=2878 bid/2884 ask  synced=True
2026-08-14 13:04:47.923  INFO      lobx.market_data.collector  [BTCUSDT] heartbeat | bid=62720.44×10.8904  ask=62720.45×1.5415  spread=0.01  levels=3096 bid/2857 ask  synced=True
2026-08-14 13:05:17.927  INFO      lobx.market_data.collector  [BTCUSDT] heartbeat | bid=62726.42×7.2679  ask=62726.43×0.7828  spread=0.01  levels=3157 bid/2843 ask  synced=True
2026-08-14 13:05:47.941  INFO      lobx.market_data.collector  [BTCUSDT] heartbeat | bid=62754.94×4.3175  ask=62754.95×4.1978  spread=0.01  levels=3195 bid/2797 ask  synced=True
2026-08-14 13:06:17.946  INFO      lobx.market_data.collector  [BTCUSDT] heartbeat | bid=62668.12×2.4740  ask=62668.13×4.7922  spread=0.01  levels=3062 bid/2964 ask  synced=True
2026-08-14 13:06:47.959  INFO      lobx.market_data.collector  [BTCUSDT] heartbeat | bid=62663.00×0.6923  ask=62663.01×6.2789  spread=0.01  levels=3105 bid/2953 ask  synced=True
2026-08-14 13:07:17.965  INFO      lobx.market_data.collector  [BTCUSDT] heartbeat | bid=62664.00×5.0233  ask=62664.01×3.3982  spread=0.01  levels=3128 bid/2940 ask  synced=True
2026-08-14 13:07:47.974  INFO      lobx.market_data.collector  [BTCUSDT] heartbeat | bid=62668.85×10.1588  ask=62668.86×0.4345  spread=0.01  levels=3133 bid/2958 ask  synced=True
2026-08-14 13:08:17.985  INFO      lobx.market_data.collector  [BTCUSDT] heartbeat | bid=62672.00×4.5837  ask=62672.01×4.5214  spread=0.01  levels=3174 bid/2972 ask  synced=True
2026-08-14 13:08:47.991  INFO      lobx.market_data.collector  [BTCUSDT] heartbeat | bid=62663.40×11.8865  ask=62663.41×0.2422  spread=0.01  levels=3169 bid/2995 ask  synced=True
2026-08-14 13:09:17.998  INFO      lobx.market_data.collector  [BTCUSDT] heartbeat | bid=62617.58×11.4595  ask=62617.59×0.2324  spread=0.01  levels=3032 bid/3248 ask  synced=True
2026-08-14 13:09:48.014  INFO      lobx.market_data.collector  [BTCUSDT] heartbeat | bid=62652.64×9.8325  ask=62652.65×0.1744  spread=0.01  levels=3244 bid/3223 ask  synced=True
2026-08-14 13:10:18.026  INFO      lobx.market_data.collector  [BTCUSDT] heartbeat | bid=62645.85×3.5761  ask=62645.86×4.6538  spread=0.01  levels=3221 bid/3254 ask  synced=True
2026-08-14 13:10:48.037  INFO      lobx.market_data.collector  [BTCUSDT] heartbeat | bid=62639.26×9.9214  ask=62639.27×0.3003  spread=0.01  levels=3264 bid/3411 ask  synced=True
2026-08-14 13:11:18.044  INFO      lobx.market_data.collector  [BTCUSDT] heartbeat | bid=62605.00×8.0916  ask=62605.01×2.9931  spread=0.01  levels=3194 bid/3555 ask  synced=True
2026-08-14 13:11:48.049  INFO      lobx.market_data.collector  [BTCUSDT] heartbeat | bid=62630.00×5.2143  ask=62630.01×0.2731  spread=0.01  levels=3308 bid/3529 ask  synced=True
2026-08-14 13:12:18.064  INFO      lobx.market_data.collector  [BTCUSDT] heartbeat | bid=62660.26×9.0129  ask=62660.27×1.4312  spread=0.01  levels=3343 bid/3491 ask  synced=True
2026-08-14 13:12:48.069  INFO      lobx.market_data.collector  [BTCUSDT] heartbeat | bid=62667.99×9.2604  ask=62668.00×0.4056  spread=0.01  levels=3438 bid/3570 ask  synced=True
2026-08-14 13:13:18.079  INFO      lobx.market_data.collector  [BTCUSDT] heartbeat | bid=62677.80×11.3389  ask=62677.81×0.5907  spread=0.01  levels=3444 bid/3560 ask  synced=True
2026-08-14 13:13:48.089  INFO      lobx.market_data.collector  [BTCUSDT] heartbeat | bid=62691.95×9.0216  ask=62691.96×5.6643  spread=0.01  levels=3480 bid/3526 ask  synced=True
2026-08-14 13:14:18.094  INFO      lobx.market_data.collector  [BTCUSDT] heartbeat | bid=62700.91×3.8979  ask=62700.92×5.8336  spread=0.01  levels=3474 bid/3529 ask  synced=True
2026-08-14 13:14:48.112  INFO      lobx.market_data.collector  [BTCUSDT] heartbeat | bid=62703.95×4.6941  ask=62703.96×3.2114  spread=0.01  levels=3482 bid/3527 ask  synced=True
2026-08-14 13:15:18.127  INFO      lobx.market_data.collector  [BTCUSDT] heartbeat | bid=62696.53×10.8085  ask=62696.54×1.9697  spread=0.01  levels=3450 bid/3524 ask  synced=True
2026-08-14 13:15:48.139  INFO      lobx.market_data.collector  [BTCUSDT] heartbeat | bid=62684.40×5.1372  ask=62684.41×4.8659  spread=0.01  levels=3424 bid/3598 ask  synced=True
2026-08-14 13:16:18.144  INFO      lobx.market_data.collector  [BTCUSDT] heartbeat | bid=62686.48×3.8944  ask=62686.49×8.6487  spread=0.01  levels=3452 bid/3557 ask  synced=True
2026-08-14 13:16:48.156  INFO      lobx.market_data.collector  [BTCUSDT] heartbeat | bid=62681.30×1.7514  ask=62681.31×8.0829  spread=0.01  levels=3417 bid/3522 ask  synced=True
2026-08-14 13:17:18.160  INFO      lobx.market_data.collector  [BTCUSDT] heartbeat | bid=62652.01×12.2335  ask=62652.02×0.8771  spread=0.01  levels=3354 bid/3618 ask  synced=True
2026-08-14 13:17:48.166  INFO      lobx.market_data.collector  [BTCUSDT] heartbeat | bid=62658.31×7.9154  ask=62658.32×3.4086  spread=0.01  levels=3421 bid/3604 ask  synced=True
2026-08-14 13:18:18.169  INFO      lobx.market_data.collector  [BTCUSDT] heartbeat | bid=62667.98×6.6213  ask=62667.99×5.4394  spread=0.01  levels=3463 bid/3600 ask  synced=True
2026-08-14 13:18:48.189  INFO      lobx.market_data.collector  [BTCUSDT] heartbeat | bid=62675.99×7.4300  ask=62676.00×5.7963  spread=0.01  levels=3486 bid/3575 ask  synced=True
2026-08-14 13:19:18.197  INFO      lobx.market_data.collector  [BTCUSDT] heartbeat | bid=62668.05×4.2077  ask=62668.06×11.6617  spread=0.01  levels=3505 bid/3608 ask  synced=True
2026-08-14 13:19:48.206  INFO      lobx.market_data.collector  [BTCUSDT] heartbeat | bid=62660.12×2.6314  ask=62660.13×10.7822  spread=0.01  levels=3467 bid/3614 ask  synced=True
2026-08-14 13:20:18.213  INFO      lobx.market_data.collector  [BTCUSDT] heartbeat | bid=62667.71×1.9545  ask=62667.72×6.7377  spread=0.01  levels=3541 bid/3612 ask  synced=True
2026-08-14 13:20:48.233  INFO      lobx.market_data.collector  [BTCUSDT] heartbeat | bid=62658.52×6.0508  ask=62658.53×5.8424  spread=0.01  levels=3488 bid/3636 ask  synced=True
2026-08-14 13:21:18.236  INFO      lobx.market_data.collector  [BTCUSDT] heartbeat | bid=62650.00×2.2836  ask=62650.01×8.2270  spread=0.01  levels=3473 bid/3615 ask  synced=True
2026-08-14 13:21:48.251  INFO      lobx.market_data.collector  [BTCUSDT] heartbeat | bid=62657.28×0.1009  ask=62657.29×6.7011  spread=0.01  levels=3521 bid/3606 ask  synced=True
2026-08-14 13:22:18.256  INFO      lobx.market_data.collector  [BTCUSDT] heartbeat | bid=62673.90×5.8195  ask=62673.91×3.8487  spread=0.01  levels=3577 bid/3585 ask  synced=True
2026-08-14 13:22:48.272  INFO      lobx.market_data.collector  [BTCUSDT] heartbeat | bid=62676.70×7.5635  ask=62676.71×2.5528  spread=0.01  levels=3574 bid/3603 ask  synced=True
2026-08-14 13:23:18.279  INFO      lobx.market_data.collector  [BTCUSDT] heartbeat | bid=62689.97×12.5887  ask=62689.98×3.1040  spread=0.01  levels=3615 bid/3558 ask  synced=True
2026-08-14 13:23:48.288  INFO      lobx.market_data.collector  [BTCUSDT] heartbeat | bid=62688.74×8.6450  ask=62688.75×4.8417  spread=0.01  levels=3626 bid/3580 ask  synced=True
2026-08-14 13:24:18.303  INFO      lobx.market_data.collector  [BTCUSDT] heartbeat | bid=62719.99×8.2019  ask=62720.00×0.0790  spread=0.01  levels=3682 bid/3533 ask  synced=True
2026-08-14 13:24:48.314  INFO      lobx.market_data.collector  [BTCUSDT] heartbeat | bid=62730.00×2.7578  ask=62730.01×5.5543  spread=0.01  levels=3648 bid/3531 ask  synced=True
2026-08-14 13:25:18.322  INFO      lobx.market_data.collector  [BTCUSDT] heartbeat | bid=62697.52×16.3226  ask=62697.53×0.5129  spread=0.01  levels=3601 bid/3623 ask  synced=True
2026-08-14 13:25:48.327  INFO      lobx.market_data.collector  [BTCUSDT] heartbeat | bid=62725.99×13.9805  ask=62726.00×0.4357  spread=0.01  levels=3812 bid/3633 ask  synced=True
2026-08-14 13:26:18.337  INFO      lobx.market_data.collector  [BTCUSDT] heartbeat | bid=62743.82×14.9830  ask=62743.83×0.5380  spread=0.01  levels=3916 bid/3661 ask  synced=True
2026-08-14 13:26:48.351  INFO      lobx.market_data.collector  [BTCUSDT] heartbeat | bid=62759.55×6.2381  ask=62759.56×3.0337  spread=0.01  levels=3949 bid/3645 ask  synced=True
2026-08-14 13:27:18.362  INFO      lobx.market_data.collector  [BTCUSDT] heartbeat | bid=62774.44×0.3483  ask=62774.45×9.8601  spread=0.01  levels=3937 bid/3658 ask  synced=True
2026-08-14 13:27:48.373  INFO      lobx.market_data.collector  [BTCUSDT] heartbeat | bid=62770.30×0.3506  ask=62770.31×10.0538  spread=0.01  levels=4073 bid/3735 ask  synced=True
2026-08-14 13:28:18.381  INFO      lobx.market_data.collector  [BTCUSDT] heartbeat | bid=62781.99×4.5344  ask=62782.00×6.3730  spread=0.01  levels=4084 bid/3703 ask  synced=True
2026-08-14 13:28:48.389  INFO      lobx.market_data.collector  [BTCUSDT] heartbeat | bid=62796.17×10.7645  ask=62796.18×1.2075  spread=0.01  levels=4154 bid/3665 ask  synced=True
2026-08-14 13:29:18.406  INFO      lobx.market_data.collector  [BTCUSDT] heartbeat | bid=62795.74×1.3510  ask=62795.75×8.3153  spread=0.01  levels=4156 bid/3680 ask  synced=True
2026-08-14 13:29:48.420  INFO      lobx.market_data.collector  [BTCUSDT] heartbeat | bid=62782.55×0.1877  ask=62782.56×9.8355  spread=0.01  levels=4125 bid/3729 ask  synced=True
2026-08-14 13:30:18.423  INFO      lobx.market_data.collector  [BTCUSDT] heartbeat | bid=62791.34×8.3467  ask=62791.35×3.8392  spread=0.01  levels=4134 bid/3708 ask  synced=True
2026-08-14 13:30:48.430  INFO      lobx.market_data.collector  [BTCUSDT] heartbeat | bid=62805.96×0.2009  ask=62805.97×9.0036  spread=0.01  levels=4189 bid/3651 ask  synced=True
2026-08-14 13:31:18.444  INFO      lobx.market_data.collector  [BTCUSDT] heartbeat | bid=62773.55×10.4329  ask=62773.56×1.6295  spread=0.01  levels=4150 bid/3675 ask  synced=True
2026-08-14 13:31:48.449  INFO      lobx.market_data.collector  [BTCUSDT] heartbeat | bid=62724.56×1.3564  ask=62724.57×7.7186  spread=0.01  levels=4002 bid/3760 ask  synced=True
2026-08-14 13:32:18.453  INFO      lobx.market_data.collector  [BTCUSDT] heartbeat | bid=62707.45×4.7920  ask=62707.46×8.2621  spread=0.01  levels=4062 bid/3817 ask  synced=True
2026-08-14 13:32:48.466  INFO      lobx.market_data.collector  [BTCUSDT] heartbeat | bid=62735.99×8.7726  ask=62736.00×3.3415  spread=0.01  levels=4131 bid/3750 ask  synced=True
2026-08-14 13:33:18.476  INFO      lobx.market_data.collector  [BTCUSDT] heartbeat | bid=62741.97×0.2355  ask=62741.98×10.4016  spread=0.01  levels=4157 bid/3788 ask  synced=True
2026-08-14 13:33:48.494  INFO      lobx.market_data.collector  [BTCUSDT] heartbeat | bid=62705.67×3.8507  ask=62705.68×4.8827  spread=0.01  levels=4101 bid/3868 ask  synced=True
2026-08-14 13:34:18.506  INFO      lobx.market_data.collector  [BTCUSDT] heartbeat | bid=62714.00×1.5331  ask=62714.01×8.3687  spread=0.01  levels=4138 bid/3836 ask  synced=True
2026-08-14 13:34:48.517  INFO      lobx.market_data.collector  [BTCUSDT] heartbeat | bid=62707.79×12.2301  ask=62707.80×0.2222  spread=0.01  levels=4146 bid/3866 ask  synced=True
2026-08-14 13:35:18.528  INFO      lobx.market_data.collector  [BTCUSDT] heartbeat | bid=62710.00×4.0783  ask=62710.01×7.0697  spread=0.01  levels=4109 bid/3836 ask  synced=True
2026-08-14 13:35:48.533  INFO      lobx.market_data.collector  [BTCUSDT] heartbeat | bid=62699.04×3.4186  ask=62699.05×6.4433  spread=0.01  levels=4075 bid/3860 ask  synced=True
2026-08-14 13:36:18.540  INFO      lobx.market_data.collector  [BTCUSDT] heartbeat | bid=62721.03×9.2687  ask=62721.04×5.1486  spread=0.01  levels=4186 bid/3830 ask  synced=True
2026-08-14 13:36:48.553  INFO      lobx.market_data.collector  [BTCUSDT] heartbeat | bid=62689.94×2.8902  ask=62689.95×6.8419  spread=0.01  levels=4123 bid/3895 ask  synced=True
2026-08-14 13:37:18.564  INFO      lobx.market_data.collector  [BTCUSDT] heartbeat | bid=62683.78×11.4482  ask=62683.79×1.8495  spread=0.01  levels=4190 bid/3898 ask  synced=True
2026-08-14 13:37:48.576  INFO      lobx.market_data.collector  [BTCUSDT] heartbeat | bid=62684.00×4.3637  ask=62684.01×4.7428  spread=0.01  levels=4162 bid/3902 ask  synced=True
2026-08-14 13:38:18.580  INFO      lobx.market_data.collector  [BTCUSDT] heartbeat | bid=62772.14×4.5540  ask=62772.15×5.2866  spread=0.01  levels=4333 bid/3763 ask  synced=True
2026-08-14 13:38:48.589  INFO      lobx.market_data.collector  [BTCUSDT] heartbeat | bid=62748.00×2.8946  ask=62748.01×7.8492  spread=0.01  levels=4337 bid/3859 ask  synced=True
2026-08-14 13:39:18.599  INFO      lobx.market_data.collector  [BTCUSDT] heartbeat | bid=62705.77×8.1958  ask=62705.78×2.1311  spread=0.01  levels=4202 bid/3915 ask  synced=True
2026-08-14 13:39:48.609  INFO      lobx.market_data.collector  [BTCUSDT] heartbeat | bid=62635.79×8.9558  ask=62635.80×0.2396  spread=0.01  levels=4170 bid/3959 ask  synced=True
2026-08-14 13:40:18.623  INFO      lobx.market_data.collector  [BTCUSDT] heartbeat | bid=62666.76×6.2275  ask=62666.77×0.6914  spread=0.01  levels=4304 bid/3929 ask  synced=True
2026-08-14 13:40:48.630  INFO      lobx.market_data.collector  [BTCUSDT] heartbeat | bid=62677.99×0.1860  ask=62678.00×5.9772  spread=0.01  levels=4317 bid/3933 ask  synced=True
2026-08-14 13:41:18.638  INFO      lobx.market_data.collector  [BTCUSDT] heartbeat | bid=62712.97×1.9060  ask=62712.98×3.2401  spread=0.01  levels=4415 bid/3894 ask  synced=True
2026-08-14 13:41:48.645  INFO      lobx.market_data.collector  [BTCUSDT] heartbeat | bid=62715.93×0.1221  ask=62715.94×3.3589  spread=0.01  levels=4399 bid/3909 ask  synced=True
2026-08-14 13:42:18.661  INFO      lobx.market_data.collector  [BTCUSDT] heartbeat | bid=62683.72×3.6026  ask=62683.73×2.5189  spread=0.01  levels=4326 bid/3993 ask  synced=True
2026-08-14 13:42:48.671  INFO      lobx.market_data.collector  [BTCUSDT] heartbeat | bid=62681.90×10.1974  ask=62681.91×0.4466  spread=0.01  levels=4339 bid/3982 ask  synced=True
2026-08-14 13:43:18.679  INFO      lobx.market_data.collector  [BTCUSDT] heartbeat | bid=62681.59×0.3170  ask=62681.60×8.8842  spread=0.01  levels=4321 bid/3978 ask  synced=True
2026-08-14 13:43:48.683  INFO      lobx.market_data.collector  [BTCUSDT] heartbeat | bid=62672.00×7.9803  ask=62672.01×0.5718  spread=0.01  levels=4260 bid/3977 ask  synced=True
2026-08-14 13:44:18.691  INFO      lobx.market_data.collector  [BTCUSDT] heartbeat | bid=62699.99×11.1558  ask=62700.00×0.2098  spread=0.01  levels=4385 bid/3915 ask  synced=True
2026-08-14 13:44:48.707  INFO      lobx.market_data.collector  [BTCUSDT] heartbeat | bid=62718.38×0.1172  ask=62718.39×10.8386  spread=0.01  levels=4456 bid/3863 ask  synced=True
2026-08-14 13:45:18.718  INFO      lobx.market_data.collector  [BTCUSDT] heartbeat | bid=62750.60×3.0800  ask=62750.61×6.4904  spread=0.01  levels=4527 bid/3882 ask  synced=True
2026-08-14 13:45:48.732  INFO      lobx.market_data.collector  [BTCUSDT] heartbeat | bid=62741.29×0.0004  ask=62741.99×5.8620  spread=0.70  levels=4435 bid/3904 ask  synced=True
2026-08-14 13:46:18.739  INFO      lobx.market_data.collector  [BTCUSDT] heartbeat | bid=62736.00×0.0097  ask=62736.01×10.4092  spread=0.01  levels=4429 bid/3936 ask  synced=True
2026-08-14 13:46:48.752  INFO      lobx.market_data.collector  [BTCUSDT] heartbeat | bid=62710.40×3.0855  ask=62710.41×5.9499  spread=0.01  levels=4377 bid/3996 ask  synced=True
2026-08-14 13:47:18.769  INFO      lobx.market_data.collector  [BTCUSDT] heartbeat | bid=62700.00×0.0197  ask=62700.01×6.5881  spread=0.01  levels=4347 bid/4014 ask  synced=True
2026-08-14 13:47:48.784  INFO      lobx.market_data.collector  [BTCUSDT] heartbeat | bid=62690.04×4.8457  ask=62690.05×3.0869  spread=0.01  levels=4355 bid/4044 ask  synced=True
2026-08-14 13:48:18.799  INFO      lobx.market_data.collector  [BTCUSDT] heartbeat | bid=62721.11×8.1550  ask=62721.12×4.0080  spread=0.01  levels=4415 bid/3962 ask  synced=True
2026-08-14 13:48:48.808  INFO      lobx.market_data.collector  [BTCUSDT] heartbeat | bid=62715.00×3.6388  ask=62715.01×6.2207  spread=0.01  levels=4447 bid/4015 ask  synced=True
2026-08-14 13:49:18.817  INFO      lobx.market_data.collector  [BTCUSDT] heartbeat | bid=62670.00×3.7944  ask=62670.01×8.8557  spread=0.01  levels=4318 bid/4079 ask  synced=True
2026-08-14 13:49:48.837  INFO      lobx.market_data.collector  [BTCUSDT] heartbeat | bid=62694.67×2.9077  ask=62694.68×9.4901  spread=0.01  levels=4378 bid/4022 ask  synced=True
2026-08-14 13:50:18.849  INFO      lobx.market_data.collector  [BTCUSDT] heartbeat | bid=62657.70×3.7936  ask=62657.71×6.3157  spread=0.01  levels=4353 bid/4067 ask  synced=True
2026-08-14 13:50:48.854  INFO      lobx.market_data.collector  [BTCUSDT] heartbeat | bid=62655.99×12.0996  ask=62656.00×2.5996  spread=0.01  levels=4359 bid/4028 ask  synced=True
2026-08-14 13:51:18.864  INFO      lobx.market_data.collector  [BTCUSDT] heartbeat | bid=62654.00×3.4482  ask=62654.01×7.3580  spread=0.01  levels=4374 bid/4032 ask  synced=True
2026-08-14 13:51:48.878  INFO      lobx.market_data.collector  [BTCUSDT] heartbeat | bid=62652.65×3.7496  ask=62652.66×1.8933  spread=0.01  levels=4410 bid/4053 ask  synced=True
2026-08-14 13:52:18.884  INFO      lobx.market_data.collector  [BTCUSDT] heartbeat | bid=62640.00×2.9718  ask=62640.01×1.9018  spread=0.01  levels=4393 bid/4086 ask  synced=True
2026-08-14 13:52:48.897  INFO      lobx.market_data.collector  [BTCUSDT] heartbeat | bid=62657.63×9.2136  ask=62657.64×0.5745  spread=0.01  levels=4478 bid/4056 ask  synced=True
2026-08-14 13:53:18.914  INFO      lobx.market_data.collector  [BTCUSDT] heartbeat | bid=62679.06×0.1536  ask=62679.07×5.6911  spread=0.01  levels=4535 bid/4002 ask  synced=True
2026-08-14 13:53:48.924  INFO      lobx.market_data.collector  [BTCUSDT] heartbeat | bid=62658.00×3.1990  ask=62658.01×2.0089  spread=0.01  levels=4498 bid/4069 ask  synced=True
2026-08-14 13:54:18.939  INFO      lobx.market_data.collector  [BTCUSDT] heartbeat | bid=62659.26×12.8223  ask=62659.27×0.2740  spread=0.01  levels=4519 bid/4076 ask  synced=True
2026-08-14 13:54:48.942  INFO      lobx.market_data.collector  [BTCUSDT] heartbeat | bid=62646.45×0.0203  ask=62646.46×7.8568  spread=0.01  levels=4479 bid/4068 ask  synced=True
2026-08-14 13:55:18.952  INFO      lobx.market_data.collector  [BTCUSDT] heartbeat | bid=62631.24×1.9252  ask=62631.25×4.7852  spread=0.01  levels=4467 bid/4064 ask  synced=True
2026-08-14 13:55:48.963  INFO      lobx.market_data.collector  [BTCUSDT] heartbeat | bid=62635.99×11.9359  ask=62636.00×0.3940  spread=0.01  levels=4499 bid/4051 ask  synced=True
2026-08-14 13:56:18.969  INFO      lobx.market_data.collector  [BTCUSDT] heartbeat | bid=62640.00×12.9139  ask=62640.01×0.7729  spread=0.01  levels=4519 bid/4048 ask  synced=True
2026-08-14 13:56:48.979  INFO      lobx.market_data.collector  [BTCUSDT] heartbeat | bid=62620.00×4.3706  ask=62620.01×5.1240  spread=0.01  levels=4471 bid/4126 ask  synced=True
2026-08-14 13:57:18.987  INFO      lobx.market_data.collector  [BTCUSDT] heartbeat | bid=62624.98×8.8108  ask=62624.99×1.5024  spread=0.01  levels=4518 bid/4106 ask  synced=True
2026-08-14 13:57:48.997  INFO      lobx.market_data.collector  [BTCUSDT] heartbeat | bid=62620.90×4.0704  ask=62620.91×2.3002  spread=0.01  levels=4527 bid/4135 ask  synced=True
2026-08-14 13:58:19.007  INFO      lobx.market_data.collector  [BTCUSDT] heartbeat | bid=62614.37×3.4937  ask=62614.38×6.6149  spread=0.01  levels=4488 bid/4139 ask  synced=True
2026-08-14 13:58:49.012  INFO      lobx.market_data.collector  [BTCUSDT] heartbeat | bid=62609.99×14.4926  ask=62610.00×0.4599  spread=0.01  levels=4495 bid/4147 ask  synced=True
2026-08-14 13:59:19.014  INFO      lobx.market_data.collector  [BTCUSDT] heartbeat | bid=62645.99×12.8129  ask=62646.00×0.3179  spread=0.01  levels=4584 bid/4050 ask  synced=True
2026-08-14 13:59:49.026  INFO      lobx.market_data.collector  [BTCUSDT] heartbeat | bid=62655.68×5.8567  ask=62655.69×1.6801  spread=0.01  levels=4625 bid/4059 ask  synced=True
2026-08-14 14:00:19.038  INFO      lobx.market_data.collector  [BTCUSDT] heartbeat | bid=62681.99×0.3681  ask=62682.00×5.3537  spread=0.01  levels=4688 bid/4026 ask  synced=True
2026-08-14 14:00:49.052  INFO      lobx.market_data.collector  [BTCUSDT] heartbeat | bid=62707.42×7.4730  ask=62707.43×2.3450  spread=0.01  levels=4762 bid/4037 ask  synced=True
2026-08-14 14:01:19.058  INFO      lobx.market_data.collector  [BTCUSDT] heartbeat | bid=62674.60×3.6021  ask=62674.61×10.4459  spread=0.01  levels=4690 bid/4081 ask  synced=True
2026-08-14 14:01:49.076  INFO      lobx.market_data.collector  [BTCUSDT] heartbeat | bid=62640.00×0.0554  ask=62640.01×8.9902  spread=0.01  levels=4655 bid/4158 ask  synced=True
2026-08-14 14:02:19.082  INFO      lobx.market_data.collector  [BTCUSDT] heartbeat | bid=62621.53×4.1740  ask=62621.54×5.8367  spread=0.01  levels=4679 bid/4166 ask  synced=True
2026-08-14 14:02:49.099  INFO      lobx.market_data.collector  [BTCUSDT] heartbeat | bid=62612.01×4.6706  ask=62612.02×9.5529  spread=0.01  levels=4736 bid/4188 ask  synced=True
2026-08-14 14:03:19.107  INFO      lobx.market_data.collector  [BTCUSDT] heartbeat | bid=62612.00×3.0252  ask=62612.01×10.8163  spread=0.01  levels=4720 bid/4190 ask  synced=True
2026-08-14 14:03:49.125  INFO      lobx.market_data.collector  [BTCUSDT] heartbeat | bid=62633.99×12.2270  ask=62634.00×2.3470  spread=0.01  levels=4760 bid/4086 ask  synced=True
2026-08-14 14:04:19.136  INFO      lobx.market_data.collector  [BTCUSDT] heartbeat | bid=62693.99×14.4012  ask=62694.00×0.1694  spread=0.01  levels=4887 bid/3984 ask  synced=True
2026-08-14 14:04:49.150  INFO      lobx.market_data.collector  [BTCUSDT] heartbeat | bid=62668.64×4.2487  ask=62668.65×10.7068  spread=0.01  levels=4823 bid/4113 ask  synced=True
2026-08-14 14:05:19.158  INFO      lobx.market_data.collector  [BTCUSDT] heartbeat | bid=62649.94×7.7161  ask=62649.95×0.3574  spread=0.01  levels=4818 bid/4162 ask  synced=True
2026-08-14 14:05:49.164  INFO      lobx.market_data.collector  [BTCUSDT] heartbeat | bid=62666.58×11.2451  ask=62666.59×3.4630  spread=0.01  levels=4855 bid/4092 ask  synced=True
2026-08-14 14:06:19.176  INFO      lobx.market_data.collector  [BTCUSDT] heartbeat | bid=62711.80×5.2813  ask=62711.81×5.0361  spread=0.01  levels=4988 bid/4028 ask  synced=True
2026-08-14 14:06:49.190  INFO      lobx.market_data.collector  [BTCUSDT] heartbeat | bid=62719.99×4.5214  ask=62720.00×5.2163  spread=0.01  levels=4960 bid/4010 ask  synced=True
2026-08-14 14:07:19.200  INFO      lobx.market_data.collector  [BTCUSDT] heartbeat | bid=62703.98×3.7786  ask=62703.99×10.1882  spread=0.01  levels=4956 bid/4098 ask  synced=True
2026-08-14 14:07:49.217  INFO      lobx.market_data.collector  [BTCUSDT] heartbeat | bid=62690.00×6.1025  ask=62690.01×0.5403  spread=0.01  levels=4916 bid/4126 ask  synced=True
2026-08-14 14:08:19.220  INFO      lobx.market_data.collector  [BTCUSDT] heartbeat | bid=62647.71×4.0911  ask=62647.72×6.0430  spread=0.01  levels=4877 bid/4175 ask  synced=True
2026-08-14 14:08:49.225  INFO      lobx.market_data.collector  [BTCUSDT] heartbeat | bid=62648.00×0.1884  ask=62648.01×9.2014  spread=0.01  levels=4907 bid/4184 ask  synced=True
2026-08-14 14:09:19.237  INFO      lobx.market_data.collector  [BTCUSDT] heartbeat | bid=62633.49×6.4528  ask=62633.50×4.6324  spread=0.01  levels=4905 bid/4226 ask  synced=True
2026-08-14 14:09:49.243  INFO      lobx.market_data.collector  [BTCUSDT] heartbeat | bid=62601.84×8.8892  ask=62601.85×0.2145  spread=0.01  levels=4770 bid/4262 ask  synced=True
2026-08-14 14:10:19.245  INFO      lobx.market_data.collector  [BTCUSDT] heartbeat | bid=62621.99×13.2445  ask=62622.00×0.1438  spread=0.01  levels=4876 bid/4230 ask  synced=True
2026-08-14 14:10:49.257  INFO      lobx.market_data.collector  [BTCUSDT] heartbeat | bid=62636.55×13.6908  ask=62636.56×0.0756  spread=0.01  levels=4935 bid/4175 ask  synced=True
2026-08-14 14:11:19.267  INFO      lobx.market_data.collector  [BTCUSDT] heartbeat | bid=62696.09×1.4711  ask=62696.10×6.0315  spread=0.01  levels=5076 bid/4074 ask  synced=True
2026-08-14 14:11:49.280  INFO      lobx.market_data.collector  [BTCUSDT] heartbeat | bid=62692.00×8.1291  ask=62692.01×2.6768  spread=0.01  levels=5083 bid/4118 ask  synced=True
2026-08-14 14:12:19.289  INFO      lobx.market_data.collector  [BTCUSDT] heartbeat | bid=62680.42×8.9376  ask=62680.43×2.4720  spread=0.01  levels=5063 bid/4155 ask  synced=True
2026-08-14 14:12:49.291  INFO      lobx.market_data.collector  [BTCUSDT] heartbeat | bid=62653.57×4.3435  ask=62653.58×7.6005  spread=0.01  levels=4996 bid/4200 ask  synced=True
2026-08-14 14:13:19.304  INFO      lobx.market_data.collector  [BTCUSDT] heartbeat | bid=62624.14×14.9604  ask=62624.15×0.2104  spread=0.01  levels=4965 bid/4230 ask  synced=True
2026-08-14 14:13:49.315  INFO      lobx.market_data.collector  [BTCUSDT] heartbeat | bid=62623.92×6.0579  ask=62623.93×0.7845  spread=0.01  levels=4979 bid/4264 ask  synced=True
2026-08-14 14:14:19.332  INFO      lobx.market_data.collector  [BTCUSDT] heartbeat | bid=62615.26×17.2902  ask=62615.27×0.2786  spread=0.01  levels=4900 bid/4294 ask  synced=True
2026-08-14 14:14:49.342  INFO      lobx.market_data.collector  [BTCUSDT] heartbeat | bid=62613.38×4.1880  ask=62613.39×6.2255  spread=0.01  levels=4893 bid/4310 ask  synced=True
2026-08-14 14:15:19.346  INFO      lobx.market_data.collector  [BTCUSDT] heartbeat | bid=62617.85×15.4967  ask=62617.86×0.2335  spread=0.01  levels=4940 bid/4291 ask  synced=True
2026-08-14 14:15:49.355  INFO      lobx.market_data.collector  [BTCUSDT] heartbeat | bid=62647.99×12.1465  ask=62648.00×2.5428  spread=0.01  levels=5039 bid/4213 ask  synced=True
2026-08-14 14:16:19.362  INFO      lobx.market_data.collector  [BTCUSDT] heartbeat | bid=62640.44×1.6116  ask=62640.45×6.6373  spread=0.01  levels=5019 bid/4276 ask  synced=True
2026-08-14 14:16:49.371  INFO      lobx.market_data.collector  [BTCUSDT] heartbeat | bid=62606.75×1.5998  ask=62606.76×8.1824  spread=0.01  levels=4927 bid/4334 ask  synced=True
2026-08-14 14:17:19.385  INFO      lobx.market_data.collector  [BTCUSDT] heartbeat | bid=62635.57×13.0039  ask=62635.58×2.5253  spread=0.01  levels=5020 bid/4221 ask  synced=True
2026-08-14 14:17:49.391  INFO      lobx.market_data.collector  [BTCUSDT] heartbeat | bid=62667.07×6.8305  ask=62667.08×3.6105  spread=0.01  levels=5102 bid/4158 ask  synced=True
2026-08-14 14:18:19.407  INFO      lobx.market_data.collector  [BTCUSDT] heartbeat | bid=62648.44×14.0853  ask=62648.45×0.6390  spread=0.01  levels=5047 bid/4221 ask  synced=True
2026-08-14 14:18:49.420  INFO      lobx.market_data.collector  [BTCUSDT] heartbeat | bid=62615.14×0.7268  ask=62615.15×8.2959  spread=0.01  levels=4933 bid/4259 ask  synced=True
2026-08-14 14:19:19.425  INFO      lobx.market_data.collector  [BTCUSDT] heartbeat | bid=62585.00×5.2344  ask=62585.01×9.3610  spread=0.01  levels=4867 bid/4424 ask  synced=True
2026-08-14 14:19:49.434  INFO      lobx.market_data.collector  [BTCUSDT] heartbeat | bid=62595.99×6.3815  ask=62596.00×4.6188  spread=0.01  levels=4887 bid/4493 ask  synced=True
2026-08-14 14:20:19.453  INFO      lobx.market_data.collector  [BTCUSDT] heartbeat | bid=62610.61×8.7759  ask=62610.62×4.4830  spread=0.01  levels=4932 bid/4419 ask  synced=True
2026-08-14 14:20:49.468  INFO      lobx.market_data.collector  [BTCUSDT] heartbeat | bid=62604.72×5.7388  ask=62604.73×3.4784  spread=0.01  levels=4929 bid/4467 ask  synced=True
2026-08-14 14:21:19.476  INFO      lobx.market_data.collector  [BTCUSDT] heartbeat | bid=62583.99×7.3855  ask=62584.00×6.0386  spread=0.01  levels=4896 bid/4508 ask  synced=True
2026-08-14 14:21:49.484  INFO      lobx.market_data.collector  [BTCUSDT] heartbeat | bid=62591.99×6.3050  ask=62592.00×5.0322  spread=0.01  levels=4968 bid/4519 ask  synced=True
2026-08-14 14:22:19.490  INFO      lobx.market_data.collector  [BTCUSDT] heartbeat | bid=62631.99×12.1316  ask=62632.00×0.0869  spread=0.01  levels=5097 bid/4426 ask  synced=True
2026-08-14 14:22:49.502  INFO      lobx.market_data.collector  [BTCUSDT] heartbeat | bid=62647.99×0.3146  ask=62648.00×7.9047  spread=0.01  levels=5087 bid/4437 ask  synced=True
2026-08-14 14:23:19.514  INFO      lobx.market_data.collector  [BTCUSDT] heartbeat | bid=62636.51×16.9061  ask=62636.52×0.1498  spread=0.01  levels=5081 bid/4478 ask  synced=True
2026-08-14 14:23:49.523  INFO      lobx.market_data.collector  [BTCUSDT] heartbeat | bid=62659.25×0.3640  ask=62659.26×7.7324  spread=0.01  levels=5136 bid/4441 ask  synced=True
2026-08-14 14:24:19.534  INFO      lobx.market_data.collector  [BTCUSDT] heartbeat | bid=62605.56×14.7539  ask=62605.57×0.1848  spread=0.01  levels=5013 bid/4524 ask  synced=True
2026-08-14 14:24:49.546  INFO      lobx.market_data.collector  [BTCUSDT] heartbeat | bid=62592.51×3.0908  ask=62592.52×9.9662  spread=0.01  levels=5044 bid/4543 ask  synced=True
2026-08-14 14:25:19.561  INFO      lobx.market_data.collector  [BTCUSDT] heartbeat | bid=62623.55×8.2162  ask=62623.56×1.7956  spread=0.01  levels=5150 bid/4493 ask  synced=True
2026-08-14 14:25:49.570  INFO      lobx.market_data.collector  [BTCUSDT] heartbeat | bid=62641.99×14.4258  ask=62642.00×0.0842  spread=0.01  levels=5195 bid/4468 ask  synced=True
2026-08-14 14:26:19.580  INFO      lobx.market_data.collector  [BTCUSDT] heartbeat | bid=62659.25×8.9163  ask=62659.26×4.1147  spread=0.01  levels=5237 bid/4433 ask  synced=True
2026-08-14 14:26:49.589  INFO      lobx.market_data.collector  [BTCUSDT] heartbeat | bid=62655.39×3.0919  ask=62655.40×8.9623  spread=0.01  levels=5224 bid/4467 ask  synced=True
2026-08-14 14:27:19.596  INFO      lobx.market_data.collector  [BTCUSDT] heartbeat | bid=62692.07×1.5017  ask=62692.08×9.9435  spread=0.01  levels=5272 bid/4367 ask  synced=True
2026-08-14 14:27:49.610  INFO      lobx.market_data.collector  [BTCUSDT] heartbeat | bid=62703.70×14.8452  ask=62703.71×0.5221  spread=0.01  levels=5317 bid/4366 ask  synced=True
2026-08-14 14:28:19.610  INFO      lobx.market_data.collector  [BTCUSDT] heartbeat | bid=62700.08×11.7800  ask=62700.09×0.3512  spread=0.01  levels=5312 bid/4390 ask  synced=True
2026-08-14 14:28:49.615  INFO      lobx.market_data.collector  [BTCUSDT] heartbeat | bid=62684.02×8.5002  ask=62684.03×0.1863  spread=0.01  levels=5256 bid/4455 ask  synced=True
2026-08-14 14:29:19.623  INFO      lobx.market_data.collector  [BTCUSDT] heartbeat | bid=62677.99×14.7233  ask=62678.00×0.2498  spread=0.01  levels=5258 bid/4487 ask  synced=True
2026-08-14 14:29:49.624  INFO      lobx.market_data.collector  [BTCUSDT] heartbeat | bid=62676.03×3.2578  ask=62676.04×9.1688  spread=0.01  levels=5253 bid/4425 ask  synced=True
2026-08-14 14:30:19.631  INFO      lobx.market_data.collector  [BTCUSDT] heartbeat | bid=62670.73×3.4461  ask=62670.74×3.9875  spread=0.01  levels=5268 bid/4475 ask  synced=True
2026-08-14 14:30:49.636  INFO      lobx.market_data.collector  [BTCUSDT] heartbeat | bid=62662.84×4.5873  ask=62662.85×0.5553  spread=0.01  levels=5234 bid/4519 ask  synced=True
2026-08-14 14:31:19.640  INFO      lobx.market_data.collector  [BTCUSDT] heartbeat | bid=62667.05×3.0946  ask=62667.06×7.7102  spread=0.01  levels=5242 bid/4486 ask  synced=True
2026-08-14 14:31:49.646  INFO      lobx.market_data.collector  [BTCUSDT] heartbeat | bid=62699.07×12.0220  ask=62699.08×0.0252  spread=0.01  levels=5354 bid/4429 ask  synced=True
2026-08-14 14:32:19.656  INFO      lobx.market_data.collector  [BTCUSDT] heartbeat | bid=62708.37×10.9656  ask=62708.38×0.8568  spread=0.01  levels=5328 bid/4402 ask  synced=True
2026-08-14 14:32:49.665  INFO      lobx.market_data.collector  [BTCUSDT] heartbeat | bid=62717.95×1.9152  ask=62717.96×9.6810  spread=0.01  levels=5367 bid/4425 ask  synced=True
2026-08-14 14:33:19.665  INFO      lobx.market_data.collector  [BTCUSDT] heartbeat | bid=62710.32×0.2551  ask=62710.33×9.9148  spread=0.01  levels=5323 bid/4457 ask  synced=True
2026-08-14 14:33:49.667  INFO      lobx.market_data.collector  [BTCUSDT] heartbeat | bid=62703.86×12.9074  ask=62703.87×0.2464  spread=0.01  levels=5355 bid/4509 ask  synced=True
2026-08-14 14:34:19.667  INFO      lobx.market_data.collector  [BTCUSDT] heartbeat | bid=62717.74×11.7929  ask=62717.75×1.1435  spread=0.01  levels=5343 bid/4471 ask  synced=True
2026-08-14 14:34:49.667  INFO      lobx.market_data.collector  [BTCUSDT] heartbeat | bid=62737.22×4.4648  ask=62737.23×3.6674  spread=0.01  levels=5403 bid/4421 ask  synced=True
2026-08-14 14:35:19.683  INFO      lobx.market_data.collector  [BTCUSDT] heartbeat | bid=62741.88×11.0152  ask=62741.89×0.1269  spread=0.01  levels=5460 bid/4440 ask  synced=True
2026-08-14 14:35:49.684  INFO      lobx.market_data.collector  [BTCUSDT] heartbeat | bid=62737.04×0.1469  ask=62737.05×9.0238  spread=0.01  levels=5468 bid/4481 ask  synced=True
2026-08-14 14:36:19.696  INFO      lobx.market_data.collector  [BTCUSDT] heartbeat | bid=62741.91×14.5907  ask=62741.92×0.1913  spread=0.01  levels=5459 bid/4446 ask  synced=True
2026-08-14 14:36:49.705  INFO      lobx.market_data.collector  [BTCUSDT] heartbeat | bid=62765.94×9.5414  ask=62765.95×1.9810  spread=0.01  levels=5520 bid/4402 ask  synced=True
2026-08-14 14:37:19.703  INFO      lobx.market_data.collector  [BTCUSDT] heartbeat | bid=62774.00×1.9569  ask=62774.01×11.5768  spread=0.01  levels=5538 bid/4360 ask  synced=True
2026-08-14 14:37:49.705  INFO      lobx.market_data.collector  [BTCUSDT] heartbeat | bid=62771.86×12.7714  ask=62771.87×1.5491  spread=0.01  levels=5526 bid/4410 ask  synced=True
2026-08-14 14:38:19.709  INFO      lobx.market_data.collector  [BTCUSDT] heartbeat | bid=62780.97×6.3279  ask=62780.98×5.6998  spread=0.01  levels=5528 bid/4369 ask  synced=True
2026-08-14 14:38:49.711  INFO      lobx.market_data.collector  [BTCUSDT] heartbeat | bid=62777.56×5.0869  ask=62777.57×4.9498  spread=0.01  levels=5536 bid/4389 ask  synced=True
2026-08-14 14:39:19.713  INFO      lobx.market_data.collector  [BTCUSDT] heartbeat | bid=62797.87×8.0832  ask=62797.88×0.4523  spread=0.01  levels=5590 bid/4338 ask  synced=True
2026-08-14 14:39:49.716  INFO      lobx.market_data.collector  [BTCUSDT] heartbeat | bid=62791.32×8.3787  ask=62791.33×2.5351  spread=0.01  levels=5585 bid/4355 ask  synced=True
2026-08-14 14:40:19.723  INFO      lobx.market_data.collector  [BTCUSDT] heartbeat | bid=62774.00×5.2616  ask=62774.01×0.9459  spread=0.01  levels=5518 bid/4400 ask  synced=True
2026-08-14 14:40:49.731  INFO      lobx.market_data.collector  [BTCUSDT] heartbeat | bid=62770.10×3.8043  ask=62770.11×8.5997  spread=0.01  levels=5527 bid/4405 ask  synced=True
2026-08-14 14:41:19.737  INFO      lobx.market_data.collector  [BTCUSDT] heartbeat | bid=62768.77×5.9546  ask=62768.78×0.6943  spread=0.01  levels=5522 bid/4396 ask  synced=True
2026-08-14 14:41:49.749  INFO      lobx.market_data.collector  [BTCUSDT] heartbeat | bid=62773.79×8.9693  ask=62773.80×0.2465  spread=0.01  levels=5568 bid/4415 ask  synced=True
2026-08-14 14:42:19.755  INFO      lobx.market_data.collector  [BTCUSDT] heartbeat | bid=62754.00×5.5221  ask=62754.01×1.4661  spread=0.01  levels=5514 bid/4471 ask  synced=True
2026-08-14 14:42:49.767  INFO      lobx.market_data.collector  [BTCUSDT] heartbeat | bid=62761.74×11.4773  ask=62761.75×1.0389  spread=0.01  levels=5557 bid/4391 ask  synced=True
2026-08-14 14:43:19.777  INFO      lobx.market_data.collector  [BTCUSDT] heartbeat | bid=62761.86×8.0100  ask=62761.87×1.5009  spread=0.01  levels=5536 bid/4399 ask  synced=True
2026-08-14 14:43:49.784  INFO      lobx.market_data.collector  [BTCUSDT] heartbeat | bid=62746.74×2.2976  ask=62746.75×4.9852  spread=0.01  levels=5488 bid/4440 ask  synced=True
2026-08-14 14:44:19.792  INFO      lobx.market_data.collector  [BTCUSDT] heartbeat | bid=62758.30×12.0398  ask=62758.31×0.1526  spread=0.01  levels=5555 bid/4413 ask  synced=True
2026-08-14 14:44:49.803  INFO      lobx.market_data.collector  [BTCUSDT] heartbeat | bid=62746.01×3.9003  ask=62746.02×5.3961  spread=0.01  levels=5504 bid/4441 ask  synced=True
2026-08-14 14:45:19.808  INFO      lobx.market_data.collector  [BTCUSDT] heartbeat | bid=62761.86×14.8083  ask=62761.87×0.2625  spread=0.01  levels=5552 bid/4400 ask  synced=True
2026-08-14 14:45:49.809  INFO      lobx.market_data.collector  [BTCUSDT] heartbeat | bid=62773.51×6.9384  ask=62773.52×1.9903  spread=0.01  levels=5590 bid/4377 ask  synced=True
2026-08-14 14:46:19.812  INFO      lobx.market_data.collector  [BTCUSDT] heartbeat | bid=62773.35×1.1525  ask=62773.36×10.2538  spread=0.01  levels=5593 bid/4390 ask  synced=True
2026-08-14 14:46:49.819  INFO      lobx.market_data.collector  [BTCUSDT] heartbeat | bid=62752.59×7.7696  ask=62752.60×0.2474  spread=0.01  levels=5569 bid/4456 ask  synced=True
2026-08-14 14:47:19.826  INFO      lobx.market_data.collector  [BTCUSDT] heartbeat | bid=62740.00×13.0883  ask=62740.01×0.3346  spread=0.01  levels=5538 bid/4470 ask  synced=True
2026-08-14 14:47:49.833  INFO      lobx.market_data.collector  [BTCUSDT] heartbeat | bid=62739.36×5.5286  ask=62739.37×2.2937  spread=0.01  levels=5540 bid/4467 ask  synced=True
2026-08-14 14:48:19.838  INFO      lobx.market_data.collector  [BTCUSDT] heartbeat | bid=62772.41×8.5139  ask=62772.42×2.2210  spread=0.01  levels=5632 bid/4361 ask  synced=True
2026-08-14 14:48:49.851  INFO      lobx.market_data.collector  [BTCUSDT] heartbeat | bid=62774.00×4.7614  ask=62774.01×10.5150  spread=0.01  levels=5638 bid/4371 ask  synced=True
2026-08-14 14:49:19.854  INFO      lobx.market_data.collector  [BTCUSDT] heartbeat | bid=62750.00×2.9094  ask=62750.01×10.7055  spread=0.01  levels=5576 bid/4474 ask  synced=True
2026-08-14 14:49:49.861  INFO      lobx.market_data.collector  [BTCUSDT] heartbeat | bid=62752.25×8.1479  ask=62752.26×5.0838  spread=0.01  levels=5597 bid/4472 ask  synced=True
2026-08-14 14:50:19.862  INFO      lobx.market_data.collector  [BTCUSDT] heartbeat | bid=62743.25×16.2498  ask=62743.26×0.6573  spread=0.01  levels=5577 bid/4492 ask  synced=True
2026-08-14 14:50:49.863  INFO      lobx.market_data.collector  [BTCUSDT] heartbeat | bid=62741.15×1.4532  ask=62741.16×12.2543  spread=0.01  levels=5587 bid/4468 ask  synced=True
2026-08-14 14:51:19.874  INFO      lobx.market_data.collector  [BTCUSDT] heartbeat | bid=62652.00×6.5373  ask=62652.01×0.8614  spread=0.01  levels=5471 bid/4533 ask  synced=True
2026-08-14 14:51:49.873  INFO      lobx.market_data.collector  [BTCUSDT] heartbeat | bid=62653.05×14.4679  ask=62653.06×0.9812  spread=0.01  levels=5527 bid/4551 ask  synced=True
2026-08-14 14:52:19.884  INFO      lobx.market_data.collector  [BTCUSDT] heartbeat | bid=62669.62×11.7618  ask=62669.63×1.1291  spread=0.01  levels=5574 bid/4542 ask  synced=True
2026-08-14 14:52:49.894  INFO      lobx.market_data.collector  [BTCUSDT] heartbeat | bid=62661.99×14.0429  ask=62662.00×0.2717  spread=0.01  levels=5519 bid/4550 ask  synced=True
2026-08-14 14:53:19.894  INFO      lobx.market_data.collector  [BTCUSDT] heartbeat | bid=62664.29×8.5523  ask=62664.30×2.0397  spread=0.01  levels=5532 bid/4557 ask  synced=True
2026-08-14 14:53:49.894  INFO      lobx.market_data.collector  [BTCUSDT] heartbeat | bid=62660.00×8.8843  ask=62660.01×6.4485  spread=0.01  levels=5515 bid/4568 ask  synced=True
2026-08-14 14:54:19.902  INFO      lobx.market_data.collector  [BTCUSDT] heartbeat | bid=62672.88×13.2784  ask=62672.89×3.2477  spread=0.01  levels=5560 bid/4506 ask  synced=True
2026-08-14 14:54:49.908  INFO      lobx.market_data.collector  [BTCUSDT] heartbeat | bid=62662.94×14.5091  ask=62662.95×1.4033  spread=0.01  levels=5523 bid/4546 ask  synced=True
2026-08-14 14:55:19.908  INFO      lobx.market_data.collector  [BTCUSDT] heartbeat | bid=62662.94×5.4831  ask=62662.95×5.8360  spread=0.01  levels=5547 bid/4562 ask  synced=True
2026-08-14 14:55:49.920  INFO      lobx.market_data.collector  [BTCUSDT] heartbeat | bid=62659.31×37.2165  ask=62659.32×11.4661  spread=0.01  levels=5537 bid/4560 ask  synced=True
2026-08-14 14:56:19.922  INFO      lobx.market_data.collector  [BTCUSDT] heartbeat | bid=62600.00×6.2715  ask=62600.01×6.6503  spread=0.01  levels=5331 bid/4605 ask  synced=True
2026-08-14 14:56:49.932  INFO      lobx.market_data.collector  [BTCUSDT] heartbeat | bid=62606.60×11.0154  ask=62606.61×2.2798  spread=0.01  levels=5435 bid/4588 ask  synced=True
2026-08-14 14:57:19.942  INFO      lobx.market_data.collector  [BTCUSDT] heartbeat | bid=62556.00×2.7029  ask=62556.01×9.5488  spread=0.01  levels=5163 bid/4781 ask  synced=True
2026-08-14 14:57:49.951  INFO      lobx.market_data.collector  [BTCUSDT] heartbeat | bid=62617.99×9.2215  ask=62618.00×2.1766  spread=0.01  levels=5287 bid/4773 ask  synced=True
2026-08-14 14:58:19.950  INFO      lobx.market_data.collector  [BTCUSDT] heartbeat | bid=62623.91×6.1475  ask=62623.92×3.0626  spread=0.01  levels=5342 bid/4870 ask  synced=True
2026-08-14 14:58:49.960  INFO      lobx.market_data.collector  [BTCUSDT] heartbeat | bid=62631.99×10.6202  ask=62632.00×2.2582  spread=0.01  levels=5365 bid/4870 ask  synced=True
2026-08-14 14:59:19.970  INFO      lobx.market_data.collector  [BTCUSDT] heartbeat | bid=62650.67×14.0022  ask=62650.68×0.5044  spread=0.01  levels=5363 bid/4890 ask  synced=True
2026-08-14 14:59:49.984  INFO      lobx.market_data.collector  [BTCUSDT] heartbeat | bid=62624.96×3.4070  ask=62624.97×9.7736  spread=0.01  levels=5333 bid/4971 ask  synced=True
2026-08-14 15:00:19.996  INFO      lobx.market_data.collector  [BTCUSDT] heartbeat | bid=62618.00×5.6754  ask=62618.01×4.8084  spread=0.01  levels=5309 bid/4975 ask  synced=True
2026-08-14 15:00:50.011  INFO      lobx.market_data.collector  [BTCUSDT] heartbeat | bid=62666.97×12.2233  ask=62666.98×0.7177  spread=0.01  levels=5425 bid/4875 ask  synced=True
2026-08-14 15:01:20.025  INFO      lobx.market_data.collector  [BTCUSDT] heartbeat | bid=62663.42×3.0636  ask=62663.43×8.7368  spread=0.01  levels=5406 bid/4912 ask  synced=True
2026-08-14 15:01:50.028  INFO      lobx.market_data.collector  [BTCUSDT] heartbeat | bid=62653.54×6.5506  ask=62653.55×5.9381  spread=0.01  levels=5434 bid/4943 ask  synced=True
2026-08-14 15:02:20.038  INFO      lobx.market_data.collector  [BTCUSDT] heartbeat | bid=62645.41×3.2849  ask=62645.42×7.7232  spread=0.01  levels=5424 bid/4969 ask  synced=True
2026-08-14 15:02:50.047  INFO      lobx.market_data.collector  [BTCUSDT] heartbeat | bid=62664.01×4.2478  ask=62664.02×4.0658  spread=0.01  levels=5425 bid/4926 ask  synced=True
2026-08-14 15:03:20.051  INFO      lobx.market_data.collector  [BTCUSDT] heartbeat | bid=62640.07×4.7199  ask=62640.08×7.3533  spread=0.01  levels=5346 bid/4970 ask  synced=True
2026-08-14 15:03:50.061  INFO      lobx.market_data.collector  [BTCUSDT] heartbeat | bid=62642.22×10.2944  ask=62642.23×2.8204  spread=0.01  levels=5390 bid/4959 ask  synced=True
2026-08-14 15:04:20.063  INFO      lobx.market_data.collector  [BTCUSDT] heartbeat | bid=62629.99×6.6894  ask=62630.00×57.7058  spread=0.01  levels=5337 bid/4980 ask  synced=True
2026-08-14 15:04:50.071  INFO      lobx.market_data.collector  [BTCUSDT] heartbeat | bid=62641.99×9.8037  ask=62642.00×5.0130  spread=0.01  levels=5344 bid/4953 ask  synced=True
2026-08-14 15:05:20.072  INFO      lobx.market_data.collector  [BTCUSDT] heartbeat | bid=62649.86×0.0159  ask=62649.87×7.1883  spread=0.01  levels=5361 bid/4931 ask  synced=True
2026-08-14 15:05:50.087  INFO      lobx.market_data.collector  [BTCUSDT] heartbeat | bid=62666.24×0.2017  ask=62666.25×6.6466  spread=0.01  levels=5430 bid/4914 ask  synced=True
2026-08-14 15:06:20.092  INFO      lobx.market_data.collector  [BTCUSDT] heartbeat | bid=62681.55×9.2478  ask=62681.56×3.4172  spread=0.01  levels=5463 bid/4874 ask  synced=True
2026-08-14 15:06:50.106  INFO      lobx.market_data.collector  [BTCUSDT] heartbeat | bid=62654.00×6.6453  ask=62654.01×3.6979  spread=0.01  levels=5435 bid/4964 ask  synced=True
2026-08-14 15:07:20.120  INFO      lobx.market_data.collector  [BTCUSDT] heartbeat | bid=62673.26×6.2854  ask=62673.27×8.1772  spread=0.01  levels=5470 bid/4915 ask  synced=True
2026-08-14 15:07:50.135  INFO      lobx.market_data.collector  [BTCUSDT] heartbeat | bid=62699.98×13.0433  ask=62699.99×2.8796  spread=0.01  levels=5474 bid/4840 ask  synced=True
2026-08-14 15:08:20.136  INFO      lobx.market_data.collector  [BTCUSDT] heartbeat | bid=62694.82×1.8436  ask=62694.83×12.9675  spread=0.01  levels=5473 bid/4872 ask  synced=True
2026-08-14 15:08:50.145  INFO      lobx.market_data.collector  [BTCUSDT] heartbeat | bid=62661.42×15.2970  ask=62661.43×4.2851  spread=0.01  levels=5426 bid/4965 ask  synced=True
2026-08-14 15:09:20.145  INFO      lobx.market_data.collector  [BTCUSDT] heartbeat | bid=62658.02×0.0423  ask=62658.03×7.2317  spread=0.01  levels=5440 bid/4986 ask  synced=True
2026-08-14 15:09:50.152  INFO      lobx.market_data.collector  [BTCUSDT] heartbeat | bid=62685.11×6.6167  ask=62685.12×7.2841  spread=0.01  levels=5522 bid/4918 ask  synced=True
2026-08-14 15:10:20.161  INFO      lobx.market_data.collector  [BTCUSDT] heartbeat | bid=62688.23×13.2856  ask=62688.24×0.1120  spread=0.01  levels=5541 bid/4884 ask  synced=True
2026-08-14 15:10:50.167  INFO      lobx.market_data.collector  [BTCUSDT] heartbeat | bid=62705.02×13.4282  ask=62705.03×0.6453  spread=0.01  levels=5601 bid/4894 ask  synced=True
2026-08-14 15:11:20.173  INFO      lobx.market_data.collector  [BTCUSDT] heartbeat | bid=62719.45×3.2719  ask=62719.46×14.6571  spread=0.01  levels=5555 bid/4837 ask  synced=True
2026-08-14 15:11:50.174  INFO      lobx.market_data.collector  [BTCUSDT] heartbeat | bid=62706.37×6.0922  ask=62706.38×6.8456  spread=0.01  levels=5535 bid/4903 ask  synced=True
2026-08-14 15:12:20.180  INFO      lobx.market_data.collector  [BTCUSDT] heartbeat | bid=62715.30×12.8416  ask=62715.31×0.2497  spread=0.01  levels=5569 bid/4895 ask  synced=True
2026-08-14 15:12:50.196  INFO      lobx.market_data.collector  [BTCUSDT] heartbeat | bid=62712.18×5.4756  ask=62712.19×11.3754  spread=0.01  levels=5585 bid/4919 ask  synced=True
2026-08-14 15:13:20.197  INFO      lobx.market_data.collector  [BTCUSDT] heartbeat | bid=62701.20×6.3559  ask=62701.21×4.3507  spread=0.01  levels=5551 bid/4951 ask  synced=True
2026-08-14 15:13:50.209  INFO      lobx.market_data.collector  [BTCUSDT] heartbeat | bid=62715.98×9.7047  ask=62715.99×1.1479  spread=0.01  levels=5604 bid/4901 ask  synced=True
2026-08-14 15:14:20.221  INFO      lobx.market_data.collector  [BTCUSDT] heartbeat | bid=62702.66×12.1858  ask=62702.67×3.9463  spread=0.01  levels=5566 bid/4939 ask  synced=True
2026-08-14 15:14:50.228  INFO      lobx.market_data.collector  [BTCUSDT] heartbeat | bid=62704.53×11.8366  ask=62704.54×0.5360  spread=0.01  levels=5580 bid/4943 ask  synced=True
2026-08-14 15:15:20.242  INFO      lobx.market_data.collector  [BTCUSDT] heartbeat | bid=62710.26×4.7150  ask=62710.27×9.9055  spread=0.01  levels=5589 bid/4935 ask  synced=True
2026-08-14 15:15:50.254  INFO      lobx.market_data.collector  [BTCUSDT] heartbeat | bid=62697.19×5.9230  ask=62697.20×6.8373  spread=0.01  levels=5581 bid/4966 ask  synced=True
2026-08-14 15:16:20.271  INFO      lobx.market_data.collector  [BTCUSDT] heartbeat | bid=62688.59×6.8371  ask=62688.60×8.3400  spread=0.01  levels=5554 bid/4989 ask  synced=True
2026-08-14 15:16:50.280  INFO      lobx.market_data.collector  [BTCUSDT] heartbeat | bid=62691.98×12.4078  ask=62691.99×1.4549  spread=0.01  levels=5552 bid/4945 ask  synced=True
2026-08-14 15:17:20.290  INFO      lobx.market_data.collector  [BTCUSDT] heartbeat | bid=62702.16×4.9537  ask=62702.17×5.6237  spread=0.01  levels=5608 bid/4918 ask  synced=True
2026-08-14 15:17:50.304  INFO      lobx.market_data.collector  [BTCUSDT] heartbeat | bid=62712.20×12.2226  ask=62712.21×0.2305  spread=0.01  levels=5598 bid/4877 ask  synced=True
2026-08-14 15:18:20.310  INFO      lobx.market_data.collector  [BTCUSDT] heartbeat | bid=62716.50×12.8358  ask=62716.51×0.8757  spread=0.01  levels=5588 bid/4866 ask  synced=True
2026-08-14 15:18:50.311  INFO      lobx.market_data.collector  [BTCUSDT] heartbeat | bid=62712.57×4.7786  ask=62712.58×5.0485  spread=0.01  levels=5579 bid/4918 ask  synced=True
2026-08-14 15:19:20.326  INFO      lobx.market_data.collector  [BTCUSDT] heartbeat | bid=62710.00×17.9392  ask=62710.01×5.7969  spread=0.01  levels=5572 bid/4943 ask  synced=True
2026-08-14 15:19:50.347  INFO      lobx.market_data.collector  [BTCUSDT] heartbeat | bid=62712.20×10.9967  ask=62712.21×4.2477  spread=0.01  levels=5578 bid/4902 ask  synced=True
2026-08-14 15:20:20.355  INFO      lobx.market_data.collector  [BTCUSDT] heartbeat | bid=62722.70×0.7262  ask=62722.71×13.0918  spread=0.01  levels=5592 bid/4860 ask  synced=True
2026-08-14 15:20:50.361  INFO      lobx.market_data.collector  [BTCUSDT] heartbeat | bid=62716.00×3.7139  ask=62716.01×9.8745  spread=0.01  levels=5619 bid/4918 ask  synced=True
2026-08-14 15:21:20.369  INFO      lobx.market_data.collector  [BTCUSDT] heartbeat | bid=62743.45×10.6985  ask=62743.46×0.7037  spread=0.01  levels=5669 bid/4863 ask  synced=True
2026-08-14 15:21:50.388  INFO      lobx.market_data.collector  [BTCUSDT] heartbeat | bid=62742.66×13.2538  ask=62742.67×0.5121  spread=0.01  levels=5657 bid/4910 ask  synced=True
2026-08-14 15:22:20.404  INFO      lobx.market_data.collector  [BTCUSDT] heartbeat | bid=62743.46×13.2443  ask=62743.47×0.1747  spread=0.01  levels=5678 bid/4921 ask  synced=True
2026-08-14 15:22:50.419  INFO      lobx.market_data.collector  [BTCUSDT] heartbeat | bid=62742.59×1.4421  ask=62742.60×10.0017  spread=0.01  levels=5707 bid/4915 ask  synced=True
2026-08-14 15:23:20.431  INFO      lobx.market_data.collector  [BTCUSDT] heartbeat | bid=62751.99×10.6521  ask=62752.00×3.4099  spread=0.01  levels=5713 bid/4889 ask  synced=True
2026-08-14 15:23:50.436  INFO      lobx.market_data.collector  [BTCUSDT] heartbeat | bid=62760.01×1.9107  ask=62760.02×11.7277  spread=0.01  levels=5810 bid/4864 ask  synced=True
2026-08-14 15:24:20.449  INFO      lobx.market_data.collector  [BTCUSDT] heartbeat | bid=62746.05×4.5801  ask=62746.06×12.2154  spread=0.01  levels=5802 bid/4913 ask  synced=True
2026-08-14 15:24:50.458  INFO      lobx.market_data.collector  [BTCUSDT] heartbeat | bid=62771.99×11.0987  ask=62772.00×1.8171  spread=0.01  levels=5864 bid/4858 ask  synced=True
2026-08-14 15:25:20.464  INFO      lobx.market_data.collector  [BTCUSDT] heartbeat | bid=62762.17×8.7075  ask=62762.18×0.4560  spread=0.01  levels=5858 bid/4890 ask  synced=True
2026-08-14 15:25:50.477  INFO      lobx.market_data.collector  [BTCUSDT] heartbeat | bid=62731.19×5.3241  ask=62731.20×5.1446  spread=0.01  levels=5790 bid/4973 ask  synced=True
2026-08-14 15:26:20.488  INFO      lobx.market_data.collector  [BTCUSDT] heartbeat | bid=62738.20×5.1068  ask=62738.21×0.7429  spread=0.01  levels=5826 bid/4964 ask  synced=True
2026-08-14 15:26:50.499  INFO      lobx.market_data.collector  [BTCUSDT] heartbeat | bid=62720.75×3.7136  ask=62720.76×9.6839  spread=0.01  levels=5784 bid/5007 ask  synced=True
2026-08-14 15:27:20.505  INFO      lobx.market_data.collector  [BTCUSDT] heartbeat | bid=62738.54×11.3001  ask=62738.55×2.0052  spread=0.01  levels=5847 bid/4948 ask  synced=True
2026-08-14 15:27:50.508  INFO      lobx.market_data.collector  [BTCUSDT] heartbeat | bid=62761.04×10.6017  ask=62761.05×0.3633  spread=0.01  levels=5883 bid/4889 ask  synced=True
2026-08-14 15:28:20.509  INFO      lobx.market_data.collector  [BTCUSDT] heartbeat | bid=62760.43×3.2022  ask=62760.44×10.6161  spread=0.01  levels=5889 bid/4896 ask  synced=True
2026-08-14 15:28:50.509  INFO      lobx.market_data.collector  [BTCUSDT] heartbeat | bid=62758.31×4.8714  ask=62758.32×4.9480  spread=0.01  levels=5876 bid/4919 ask  synced=True
2026-08-14 15:29:20.510  INFO      lobx.market_data.collector  [BTCUSDT] heartbeat | bid=62794.59×5.6179  ask=62794.60×1.2091  spread=0.01  levels=5996 bid/4807 ask  synced=True
2026-08-14 15:29:50.510  INFO      lobx.market_data.collector  [BTCUSDT] heartbeat | bid=62817.30×11.0436  ask=62817.31×2.1069  spread=0.01  levels=6141 bid/4754 ask  synced=True
2026-08-14 15:30:20.514  INFO      lobx.market_data.collector  [BTCUSDT] heartbeat | bid=62870.00×3.8928  ask=62870.01×10.4025  spread=0.01  levels=6365 bid/4546 ask  synced=True
2026-08-14 15:30:50.514  INFO      lobx.market_data.collector  [BTCUSDT] heartbeat | bid=62844.00×0.0233  ask=62844.01×13.2838  spread=0.01  levels=6291 bid/4615 ask  synced=True
2026-08-14 15:31:20.517  INFO      lobx.market_data.collector  [BTCUSDT] heartbeat | bid=62806.11×0.0473  ask=62806.12×15.9558  spread=0.01  levels=6258 bid/4696 ask  synced=True
2026-08-14 15:31:50.519  INFO      lobx.market_data.collector  [BTCUSDT] heartbeat | bid=62792.01×5.7183  ask=62792.02×7.7669  spread=0.01  levels=6247 bid/4742 ask  synced=True
2026-08-14 15:32:20.533  INFO      lobx.market_data.collector  [BTCUSDT] heartbeat | bid=62795.45×6.4463  ask=62795.46×2.1666  spread=0.01  levels=6264 bid/4728 ask  synced=True
2026-08-14 15:32:50.549  INFO      lobx.market_data.collector  [BTCUSDT] heartbeat | bid=62823.33×5.5038  ask=62823.34×5.9452  spread=0.01  levels=6349 bid/4697 ask  synced=True
2026-08-14 15:33:20.553  INFO      lobx.market_data.collector  [BTCUSDT] heartbeat | bid=62825.99×11.1014  ask=62826.00×0.0243  spread=0.01  levels=6351 bid/4688 ask  synced=True
2026-08-14 15:33:50.569  INFO      lobx.market_data.collector  [BTCUSDT] heartbeat | bid=62862.87×8.9052  ask=62862.88×0.4796  spread=0.01  levels=6434 bid/4585 ask  synced=True
2026-08-14 15:34:20.574  INFO      lobx.market_data.collector  [BTCUSDT] heartbeat | bid=62880.90×0.2621  ask=62880.91×12.2459  spread=0.01  levels=6441 bid/4558 ask  synced=True
2026-08-14 15:34:50.588  INFO      lobx.market_data.collector  [BTCUSDT] heartbeat | bid=62898.11×8.9663  ask=62898.12×0.2397  spread=0.01  levels=6554 bid/4518 ask  synced=True
2026-08-14 15:35:20.600  INFO      lobx.market_data.collector  [BTCUSDT] heartbeat | bid=62918.00×12.3327  ask=62918.01×0.1570  spread=0.01  levels=6592 bid/4433 ask  synced=True
2026-08-14 15:35:50.613  INFO      lobx.market_data.collector  [BTCUSDT] heartbeat | bid=62963.05×0.1162  ask=62963.06×8.5044  spread=0.01  levels=6835 bid/4230 ask  synced=True
2026-08-14 15:36:20.626  INFO      lobx.market_data.collector  [BTCUSDT] heartbeat | bid=62939.99×8.5535  ask=62940.00×0.9694  spread=0.01  levels=6829 bid/4291 ask  synced=True
2026-08-14 15:36:50.644  INFO      lobx.market_data.collector  [BTCUSDT] heartbeat | bid=62939.99×11.2751  ask=62940.00×0.5442  spread=0.01  levels=6845 bid/4310 ask  synced=True
2026-08-14 15:37:20.656  INFO      lobx.market_data.collector  [BTCUSDT] heartbeat | bid=62927.37×11.9433  ask=62927.38×2.9089  spread=0.01  levels=6786 bid/4334 ask  synced=True
2026-08-14 15:37:50.658  INFO      lobx.market_data.collector  [BTCUSDT] heartbeat | bid=62977.45×1.9826  ask=62977.46×11.6499  spread=0.01  levels=6919 bid/4242 ask  synced=True
2026-08-14 15:38:20.672  INFO      lobx.market_data.collector  [BTCUSDT] heartbeat | bid=62988.99×10.8465  ask=62989.00×0.2482  spread=0.01  levels=7025 bid/4195 ask  synced=True
2026-08-14 15:38:50.685  INFO      lobx.market_data.collector  [BTCUSDT] heartbeat | bid=62998.99×12.9310  ask=62999.00×0.8185  spread=0.01  levels=7060 bid/4187 ask  synced=True
2026-08-14 15:39:20.688  INFO      lobx.market_data.collector  [BTCUSDT] heartbeat | bid=63019.71×6.4461  ask=63019.72×4.1608  spread=0.01  levels=7173 bid/4067 ask  synced=True
2026-08-14 15:39:50.692  INFO      lobx.market_data.collector  [BTCUSDT] heartbeat | bid=62994.00×5.4333  ask=62994.01×5.9860  spread=0.01  levels=7159 bid/4128 ask  synced=True
2026-08-14 15:40:20.699  INFO      lobx.market_data.collector  [BTCUSDT] heartbeat | bid=62975.62×2.2946  ask=62975.63×9.4607  spread=0.01  levels=7123 bid/4133 ask  synced=True
2026-08-14 15:40:50.713  INFO      lobx.market_data.collector  [BTCUSDT] heartbeat | bid=62970.96×10.4795  ask=62970.97×3.7395  spread=0.01  levels=7206 bid/4176 ask  synced=True
2026-08-14 15:41:20.719  INFO      lobx.market_data.collector  [BTCUSDT] heartbeat | bid=62993.97×3.5315  ask=62993.98×5.0989  spread=0.01  levels=7268 bid/4122 ask  synced=True
2026-08-14 15:41:50.727  INFO      lobx.market_data.collector  [BTCUSDT] heartbeat | bid=62983.17×5.8429  ask=62983.18×7.7377  spread=0.01  levels=7221 bid/4170 ask  synced=True
2026-08-14 15:42:20.733  INFO      lobx.market_data.collector  [BTCUSDT] heartbeat | bid=62960.71×3.2385  ask=62960.72×6.8317  spread=0.01  levels=7187 bid/4238 ask  synced=True
2026-08-14 15:42:50.744  INFO      lobx.market_data.collector  [BTCUSDT] heartbeat | bid=62972.57×5.5085  ask=62972.58×5.4073  spread=0.01  levels=7220 bid/4194 ask  synced=True
2026-08-14 15:43:20.754  INFO      lobx.market_data.collector  [BTCUSDT] heartbeat | bid=62982.90×8.7908  ask=62982.91×3.5391  spread=0.01  levels=7237 bid/4167 ask  synced=True
2026-08-14 15:43:50.761  INFO      lobx.market_data.collector  [BTCUSDT] heartbeat | bid=62989.98×12.5682  ask=62989.99×2.1025  spread=0.01  levels=7262 bid/4160 ask  synced=True
2026-08-14 15:44:20.770  INFO      lobx.market_data.collector  [BTCUSDT] heartbeat | bid=62989.99×7.5114  ask=62990.00×4.3840  spread=0.01  levels=7264 bid/4152 ask  synced=True
2026-08-14 15:44:50.777  INFO      lobx.market_data.collector  [BTCUSDT] heartbeat | bid=62991.99×12.6502  ask=62992.00×2.1363  spread=0.01  levels=7274 bid/4174 ask  synced=True
2026-08-14 15:45:20.781  INFO      lobx.market_data.collector  [BTCUSDT] heartbeat | bid=62975.23×8.0732  ask=62975.24×0.6540  spread=0.01  levels=7214 bid/4207 ask  synced=True
2026-08-14 15:45:50.791  INFO      lobx.market_data.collector  [BTCUSDT] heartbeat | bid=63005.99×6.3256  ask=63006.00×6.8078  spread=0.01  levels=7352 bid/4139 ask  synced=True
2026-08-14 15:46:20.796  INFO      lobx.market_data.collector  [BTCUSDT] heartbeat | bid=63049.99×7.9667  ask=63050.00×4.8920  spread=0.01  levels=7518 bid/3988 ask  synced=True
2026-08-14 15:46:50.797  INFO      lobx.market_data.collector  [BTCUSDT] heartbeat | bid=63063.24×7.0106  ask=63063.25×3.4060  spread=0.01  levels=7539 bid/3981 ask  synced=True
2026-08-14 15:47:20.807  INFO      lobx.market_data.collector  [BTCUSDT] heartbeat | bid=63040.00×0.0385  ask=63040.01×12.3235  spread=0.01  levels=7503 bid/4074 ask  synced=True
2026-08-14 15:47:50.812  INFO      lobx.market_data.collector  [BTCUSDT] heartbeat | bid=63026.73×2.1957  ask=63026.74×6.1389  spread=0.01  levels=7475 bid/4119 ask  synced=True
2026-08-14 15:48:20.820  INFO      lobx.market_data.collector  [BTCUSDT] heartbeat | bid=62992.29×0.1748  ask=62992.30×14.4487  spread=0.01  levels=7410 bid/4169 ask  synced=True
2026-08-14 15:48:50.834  INFO      lobx.market_data.collector  [BTCUSDT] heartbeat | bid=62983.99×0.7707  ask=62984.00×7.8681  spread=0.01  levels=7407 bid/4171 ask  synced=True
2026-08-14 15:49:20.846  INFO      lobx.market_data.collector  [BTCUSDT] heartbeat | bid=62970.00×4.9624  ask=62970.01×4.4445  spread=0.01  levels=7384 bid/4200 ask  synced=True
2026-08-14 15:49:50.859  INFO      lobx.market_data.collector  [BTCUSDT] heartbeat | bid=62982.27×11.2225  ask=62982.28×3.1806  spread=0.01  levels=7416 bid/4179 ask  synced=True
2026-08-14 15:50:20.865  INFO      lobx.market_data.collector  [BTCUSDT] heartbeat | bid=62974.67×0.1271  ask=62974.68×13.3469  spread=0.01  levels=7397 bid/4200 ask  synced=True
2026-08-14 15:50:50.880  INFO      lobx.market_data.collector  [BTCUSDT] heartbeat | bid=62975.99×4.5233  ask=62976.00×5.2323  spread=0.01  levels=7415 bid/4182 ask  synced=True
2026-08-14 15:51:20.888  INFO      lobx.market_data.collector  [BTCUSDT] heartbeat | bid=62950.78×0.9196  ask=62950.79×12.1937  spread=0.01  levels=7405 bid/4214 ask  synced=True
2026-08-14 15:51:50.898  INFO      lobx.market_data.collector  [BTCUSDT] heartbeat | bid=62979.32×1.3857  ask=62979.33×8.8834  spread=0.01  levels=7492 bid/4130 ask  synced=True
2026-08-14 15:52:20.899  INFO      lobx.market_data.collector  [BTCUSDT] heartbeat | bid=62989.51×9.3925  ask=62989.52×3.3614  spread=0.01  levels=7512 bid/4082 ask  synced=True
2026-08-14 15:52:50.913  INFO      lobx.market_data.collector  [BTCUSDT] heartbeat | bid=62991.99×8.4533  ask=62992.00×2.7007  spread=0.01  levels=7538 bid/4082 ask  synced=True
2026-08-14 15:53:20.928  INFO      lobx.market_data.collector  [BTCUSDT] heartbeat | bid=63009.99×12.7808  ask=63010.00×0.0799  spread=0.01  levels=7563 bid/4042 ask  synced=True
2026-08-14 15:53:50.936  INFO      lobx.market_data.collector  [BTCUSDT] heartbeat | bid=63003.34×5.5150  ask=63003.35×1.1453  spread=0.01  levels=7580 bid/4085 ask  synced=True
2026-08-14 15:54:20.941  INFO      lobx.market_data.collector  [BTCUSDT] heartbeat | bid=63011.19×9.4337  ask=63011.20×0.6116  spread=0.01  levels=7604 bid/4074 ask  synced=True
2026-08-14 15:54:50.950  INFO      lobx.market_data.collector  [BTCUSDT] heartbeat | bid=63012.50×5.9720  ask=63012.51×11.3929  spread=0.01  levels=7610 bid/4065 ask  synced=True
2026-08-14 15:55:20.955  INFO      lobx.market_data.collector  [BTCUSDT] heartbeat | bid=63022.64×11.1624  ask=63022.65×0.3288  spread=0.01  levels=7633 bid/4064 ask  synced=True
2026-08-14 15:55:50.969  INFO      lobx.market_data.collector  [BTCUSDT] heartbeat | bid=63083.99×8.3771  ask=63084.00×4.8125  spread=0.01  levels=7749 bid/3886 ask  synced=True
2026-08-14 15:56:20.973  INFO      lobx.market_data.collector  [BTCUSDT] heartbeat | bid=63047.69×9.9638  ask=63047.70×0.6470  spread=0.01  levels=7704 bid/4021 ask  synced=True
2026-08-14 15:56:50.983  INFO      lobx.market_data.collector  [BTCUSDT] heartbeat | bid=63034.45×0.4005  ask=63034.46×14.2352  spread=0.01  levels=7696 bid/4040 ask  synced=True
2026-08-14 15:57:20.986  INFO      lobx.market_data.collector  [BTCUSDT] heartbeat | bid=63028.07×0.1782  ask=63028.08×14.8092  spread=0.01  levels=7671 bid/4071 ask  synced=True
2026-08-14 15:57:50.994  INFO      lobx.market_data.collector  [BTCUSDT] heartbeat | bid=63024.00×7.1707  ask=63024.01×2.2029  spread=0.01  levels=7670 bid/4081 ask  synced=True
2026-08-14 15:58:20.997  INFO      lobx.market_data.collector  [BTCUSDT] heartbeat | bid=63017.66×11.0449  ask=63017.67×4.5378  spread=0.01  levels=7664 bid/4078 ask  synced=True
2026-08-14 15:58:51.009  INFO      lobx.market_data.collector  [BTCUSDT] heartbeat | bid=63011.35×3.6994  ask=63011.36×10.0320  spread=0.01  levels=7653 bid/4098 ask  synced=True
2026-08-14 15:59:21.011  INFO      lobx.market_data.collector  [BTCUSDT] heartbeat | bid=63011.35×2.1608  ask=63011.36×5.3506  spread=0.01  levels=7627 bid/4073 ask  synced=True
2026-08-14 15:59:51.027  INFO      lobx.market_data.collector  [BTCUSDT] heartbeat | bid=63003.55×0.0642  ask=63003.56×13.4466  spread=0.01  levels=7592 bid/4073 ask  synced=True
2026-08-14 16:00:21.040  INFO      lobx.market_data.collector  [BTCUSDT] heartbeat | bid=62985.79×5.8581  ask=62985.80×3.9875  spread=0.01  levels=7590 bid/4124 ask  synced=True
2026-08-14 16:00:51.051  INFO      lobx.market_data.collector  [BTCUSDT] heartbeat | bid=62987.05×0.0833  ask=62987.06×8.9802  spread=0.01  levels=7604 bid/4125 ask  synced=True
2026-08-14 16:01:21.053  INFO      lobx.market_data.collector  [BTCUSDT] heartbeat | bid=62994.18×0.5206  ask=62994.19×10.8221  spread=0.01  levels=7661 bid/4137 ask  synced=True
2026-08-14 16:01:51.058  INFO      lobx.market_data.collector  [BTCUSDT] heartbeat | bid=62995.16×10.8654  ask=62995.17×2.3094  spread=0.01  levels=7668 bid/4140 ask  synced=True
2026-08-14 16:02:21.070  INFO      lobx.market_data.collector  [BTCUSDT] heartbeat | bid=62995.17×9.2109  ask=62995.18×2.2677  spread=0.01  levels=7664 bid/4136 ask  synced=True
2026-08-14 16:02:51.072  INFO      lobx.market_data.collector  [BTCUSDT] heartbeat | bid=63010.00×13.7347  ask=63010.01×0.8245  spread=0.01  levels=7686 bid/4109 ask  synced=True
2026-08-14 16:03:21.074  INFO      lobx.market_data.collector  [BTCUSDT] heartbeat | bid=63032.00×3.0221  ask=63032.01×8.2900  spread=0.01  levels=7741 bid/4078 ask  synced=True
2026-08-14 16:03:51.078  INFO      lobx.market_data.collector  [BTCUSDT] heartbeat | bid=63021.97×3.2841  ask=63021.98×5.5540  spread=0.01  levels=7698 bid/4114 ask  synced=True
2026-08-14 16:04:21.079  INFO      lobx.market_data.collector  [BTCUSDT] heartbeat | bid=63050.20×11.3763  ask=63050.21×2.0691  spread=0.01  levels=7764 bid/4027 ask  synced=True
2026-08-14 16:04:51.081  INFO      lobx.market_data.collector  [BTCUSDT] heartbeat | bid=63013.89×0.1384  ask=63013.90×11.2049  spread=0.01  levels=7674 bid/4109 ask  synced=True
2026-08-14 16:05:21.085  INFO      lobx.market_data.collector  [BTCUSDT] heartbeat | bid=62987.05×1.8974  ask=62987.06×12.8265  spread=0.01  levels=7660 bid/4179 ask  synced=True
2026-08-14 16:05:51.092  INFO      lobx.market_data.collector  [BTCUSDT] heartbeat | bid=62994.00×4.2789  ask=62994.01×4.9938  spread=0.01  levels=7700 bid/4134 ask  synced=True
2026-08-14 16:06:21.103  INFO      lobx.market_data.collector  [BTCUSDT] heartbeat | bid=62985.50×3.6689  ask=62985.51×7.1124  spread=0.01  levels=7689 bid/4159 ask  synced=True
2026-08-14 16:06:51.116  INFO      lobx.market_data.collector  [BTCUSDT] heartbeat | bid=62976.69×4.0251  ask=62976.70×7.7343  spread=0.01  levels=7662 bid/4184 ask  synced=True
2026-08-14 16:07:21.125  INFO      lobx.market_data.collector  [BTCUSDT] heartbeat | bid=63018.82×9.8988  ask=63018.83×3.5127  spread=0.01  levels=7738 bid/4090 ask  synced=True
2026-08-14 16:07:51.140  INFO      lobx.market_data.collector  [BTCUSDT] heartbeat | bid=63018.00×6.1759  ask=63018.01×1.3608  spread=0.01  levels=7758 bid/4134 ask  synced=True
2026-08-14 16:08:21.149  INFO      lobx.market_data.collector  [BTCUSDT] heartbeat | bid=63027.47×5.9931  ask=63027.48×9.1786  spread=0.01  levels=7797 bid/4105 ask  synced=True
2026-08-14 16:08:51.164  INFO      lobx.market_data.collector  [BTCUSDT] heartbeat | bid=63020.83×2.8125  ask=63020.84×7.0301  spread=0.01  levels=7760 bid/4141 ask  synced=True
2026-08-14 16:09:21.176  INFO      lobx.market_data.collector  [BTCUSDT] heartbeat | bid=63026.93×2.6649  ask=63026.94×12.4198  spread=0.01  levels=7750 bid/4137 ask  synced=True
2026-08-14 16:09:51.190  INFO      lobx.market_data.collector  [BTCUSDT] heartbeat | bid=63026.59×8.6841  ask=63026.60×2.4254  spread=0.01  levels=7748 bid/4132 ask  synced=True
2026-08-14 16:10:21.192  INFO      lobx.market_data.collector  [BTCUSDT] heartbeat | bid=63032.00×12.1624  ask=63032.01×0.1169  spread=0.01  levels=7794 bid/4133 ask  synced=True
2026-08-14 16:10:51.207  INFO      lobx.market_data.collector  [BTCUSDT] heartbeat | bid=63062.33×5.8652  ask=63062.34×5.1669  spread=0.01  levels=7860 bid/4090 ask  synced=True
2026-08-14 16:11:21.215  INFO      lobx.market_data.collector  [BTCUSDT] heartbeat | bid=63077.90×9.7903  ask=63077.91×1.8815  spread=0.01  levels=7890 bid/4113 ask  synced=True
2026-08-14 16:11:51.219  INFO      lobx.market_data.collector  [BTCUSDT] heartbeat | bid=63086.00×2.8986  ask=63086.01×11.7234  spread=0.01  levels=7915 bid/4097 ask  synced=True
2026-08-14 16:12:21.226  INFO      lobx.market_data.collector  [BTCUSDT] heartbeat | bid=63095.72×4.7630  ask=63095.73×4.9958  spread=0.01  levels=7952 bid/4122 ask  synced=True
2026-08-14 16:12:51.232  INFO      lobx.market_data.collector  [BTCUSDT] heartbeat | bid=63099.99×11.8934  ask=63100.00×0.1961  spread=0.01  levels=7977 bid/4115 ask  synced=True
2026-08-14 16:13:21.234  INFO      lobx.market_data.collector  [BTCUSDT] heartbeat | bid=63050.00×5.0178  ask=63050.01×7.3706  spread=0.01  levels=7880 bid/4217 ask  synced=True
2026-08-14 16:13:51.250  INFO      lobx.market_data.collector  [BTCUSDT] heartbeat | bid=63035.51×5.2161  ask=63035.52×5.4328  spread=0.01  levels=7877 bid/4258 ask  synced=True
2026-08-14 16:14:21.255  INFO      lobx.market_data.collector  [BTCUSDT] heartbeat | bid=63045.49×10.9021  ask=63045.50×0.1365  spread=0.01  levels=7923 bid/4242 ask  synced=True
2026-08-14 16:14:51.265  INFO      lobx.market_data.collector  [BTCUSDT] heartbeat | bid=63045.06×10.4122  ask=63045.07×1.9057  spread=0.01  levels=7913 bid/4226 ask  synced=True
2026-08-14 16:15:21.272  INFO      lobx.market_data.collector  [BTCUSDT] heartbeat | bid=63041.53×6.5998  ask=63041.54×4.9309  spread=0.01  levels=7912 bid/4255 ask  synced=True
2026-08-14 16:15:51.285  INFO      lobx.market_data.collector  [BTCUSDT] heartbeat | bid=63035.51×4.3107  ask=63035.52×7.3048  spread=0.01  levels=7888 bid/4283 ask  synced=True
2026-08-14 16:16:21.293  INFO      lobx.market_data.collector  [BTCUSDT] heartbeat | bid=63045.20×8.3527  ask=63045.21×5.1099  spread=0.01  levels=7925 bid/4255 ask  synced=True
2026-08-14 16:16:51.304  INFO      lobx.market_data.collector  [BTCUSDT] heartbeat | bid=63049.99×8.1128  ask=63050.00×4.6859  spread=0.01  levels=7937 bid/4238 ask  synced=True
2026-08-14 16:17:21.319  INFO      lobx.market_data.collector  [BTCUSDT] heartbeat | bid=63060.00×0.1874  ask=63060.01×12.1069  spread=0.01  levels=7948 bid/4218 ask  synced=True
2026-08-14 16:17:51.323  INFO      lobx.market_data.collector  [BTCUSDT] heartbeat | bid=63074.60×9.9968  ask=63074.61×1.0713  spread=0.01  levels=8003 bid/4192 ask  synced=True
2026-08-14 16:18:21.339  INFO      lobx.market_data.collector  [BTCUSDT] heartbeat | bid=63080.48×4.5143  ask=63080.49×6.1203  spread=0.01  levels=8023 bid/4189 ask  synced=True
2026-08-14 16:18:51.352  INFO      lobx.market_data.collector  [BTCUSDT] heartbeat | bid=63060.00×2.7428  ask=63060.01×9.5725  spread=0.01  levels=7987 bid/4243 ask  synced=True
2026-08-14 16:19:21.354  INFO      lobx.market_data.collector  [BTCUSDT] heartbeat | bid=63064.78×7.5124  ask=63064.79×5.3909  spread=0.01  levels=8008 bid/4242 ask  synced=True
2026-08-14 16:19:51.365  INFO      lobx.market_data.collector  [BTCUSDT] heartbeat | bid=63061.82×6.5944  ask=63061.83×5.4489  spread=0.01  levels=7989 bid/4248 ask  synced=True
2026-08-14 16:20:21.372  INFO      lobx.market_data.collector  [BTCUSDT] heartbeat | bid=63064.38×3.3880  ask=63064.39×9.3815  spread=0.01  levels=8008 bid/4234 ask  synced=True
2026-08-14 16:20:51.385  INFO      lobx.market_data.collector  [BTCUSDT] heartbeat | bid=63056.00×7.1527  ask=63056.01×4.8212  spread=0.01  levels=7981 bid/4265 ask  synced=True
2026-08-14 16:21:21.393  INFO      lobx.market_data.collector  [BTCUSDT] heartbeat | bid=63069.14×7.3018  ask=63069.15×2.8992  spread=0.01  levels=8021 bid/4232 ask  synced=True
2026-08-14 16:21:51.397  INFO      lobx.market_data.collector  [BTCUSDT] heartbeat | bid=63070.00×3.7786  ask=63070.01×6.9359  spread=0.01  levels=7949 bid/4183 ask  synced=True
2026-08-14 16:22:21.403  INFO      lobx.market_data.collector  [BTCUSDT] heartbeat | bid=63079.99×11.5663  ask=63080.00×0.0732  spread=0.01  levels=7978 bid/4165 ask  synced=True
2026-08-14 16:22:51.411  INFO      lobx.market_data.collector  [BTCUSDT] heartbeat | bid=63103.27×7.7012  ask=63103.28×1.3694  spread=0.01  levels=8075 bid/4163 ask  synced=True
2026-08-14 16:23:21.414  INFO      lobx.market_data.collector  [BTCUSDT] heartbeat | bid=63106.99×6.4225  ask=63107.00×4.5110  spread=0.01  levels=8095 bid/4147 ask  synced=True
2026-08-14 16:23:51.425  INFO      lobx.market_data.collector  [BTCUSDT] heartbeat | bid=63117.04×8.3046  ask=63117.05×4.9496  spread=0.01  levels=8188 bid/4144 ask  synced=True
2026-08-14 16:24:21.429  INFO      lobx.market_data.collector  [BTCUSDT] heartbeat | bid=63110.10×5.1166  ask=63110.11×6.0102  spread=0.01  levels=8154 bid/4161 ask  synced=True
2026-08-14 16:24:51.431  INFO      lobx.market_data.collector  [BTCUSDT] heartbeat | bid=63114.18×2.4963  ask=63114.19×9.4266  spread=0.01  levels=8196 bid/4117 ask  synced=True
2026-08-14 16:25:21.440  INFO      lobx.market_data.collector  [BTCUSDT] heartbeat | bid=63103.30×9.6334  ask=63103.31×3.4049  spread=0.01  levels=8189 bid/4158 ask  synced=True
2026-08-14 16:25:51.456  INFO      lobx.market_data.collector  [BTCUSDT] heartbeat | bid=63104.00×0.5134  ask=63104.01×8.4074  spread=0.01  levels=8206 bid/4167 ask  synced=True
2026-08-14 16:26:21.465  INFO      lobx.market_data.collector  [BTCUSDT] heartbeat | bid=63102.21×5.2869  ask=63102.22×3.8755  spread=0.01  levels=8176 bid/4165 ask  synced=True
2026-08-14 16:26:51.471  INFO      lobx.market_data.collector  [BTCUSDT] heartbeat | bid=63120.36×9.5484  ask=63120.37×0.0990  spread=0.01  levels=8248 bid/4149 ask  synced=True
2026-08-14 16:27:21.482  INFO      lobx.market_data.collector  [BTCUSDT] heartbeat | bid=63138.28×9.9402  ask=63138.29×0.5470  spread=0.01  levels=8301 bid/4071 ask  synced=True
2026-08-14 16:27:51.490  INFO      lobx.market_data.collector  [BTCUSDT] heartbeat | bid=63155.10×4.8022  ask=63155.11×4.4143  spread=0.01  levels=8334 bid/4055 ask  synced=True
2026-08-14 16:28:21.505  INFO      lobx.market_data.collector  [BTCUSDT] heartbeat | bid=63149.34×6.2846  ask=63149.35×4.7632  spread=0.01  levels=8351 bid/4058 ask  synced=True
2026-08-14 16:28:51.522  INFO      lobx.market_data.collector  [BTCUSDT] heartbeat | bid=63101.68×5.1779  ask=63101.69×5.1727  spread=0.01  levels=8245 bid/4148 ask  synced=True
2026-08-14 16:29:21.534  INFO      lobx.market_data.collector  [BTCUSDT] heartbeat | bid=63126.37×8.2052  ask=63126.38×1.9104  spread=0.01  levels=8356 bid/4106 ask  synced=True
2026-08-14 16:29:51.542  INFO      lobx.market_data.collector  [BTCUSDT] heartbeat | bid=63118.51×1.1605  ask=63118.52×11.0991  spread=0.01  levels=8327 bid/4119 ask  synced=True
2026-08-14 16:30:21.555  INFO      lobx.market_data.collector  [BTCUSDT] heartbeat | bid=63138.60×8.0819  ask=63138.61×0.0375  spread=0.01  levels=8393 bid/4102 ask  synced=True
2026-08-14 16:30:51.560  INFO      lobx.market_data.collector  [BTCUSDT] heartbeat | bid=63137.99×10.7941  ask=63138.00×3.4973  spread=0.01  levels=8405 bid/4113 ask  synced=True
2026-08-14 16:31:21.571  INFO      lobx.market_data.collector  [BTCUSDT] heartbeat | bid=63104.00×1.9696  ask=63104.01×4.8366  spread=0.01  levels=8304 bid/4190 ask  synced=True
2026-08-14 16:31:51.580  INFO      lobx.market_data.collector  [BTCUSDT] heartbeat | bid=63096.68×5.0898  ask=63096.69×3.2695  spread=0.01  levels=8302 bid/4211 ask  synced=True
2026-08-14 16:32:21.589  INFO      lobx.market_data.collector  [BTCUSDT] heartbeat | bid=63109.99×7.3938  ask=63110.00×0.2684  spread=0.01  levels=8359 bid/4192 ask  synced=True
2026-08-14 16:32:51.596  INFO      lobx.market_data.collector  [BTCUSDT] heartbeat | bid=63143.29×10.8196  ask=63143.30×3.8603  spread=0.01  levels=8424 bid/4105 ask  synced=True
2026-08-14 16:33:21.603  INFO      lobx.market_data.collector  [BTCUSDT] heartbeat | bid=63152.77×5.4790  ask=63152.78×4.6637  spread=0.01  levels=8469 bid/4111 ask  synced=True
2026-08-14 16:33:51.615  INFO      lobx.market_data.collector  [BTCUSDT] heartbeat | bid=63161.99×2.6745  ask=63162.00×5.9454  spread=0.01  levels=8469 bid/4096 ask  synced=True
2026-08-14 16:34:21.627  INFO      lobx.market_data.collector  [BTCUSDT] heartbeat | bid=63160.00×4.5785  ask=63160.01×9.0017  spread=0.01  levels=8469 bid/4133 ask  synced=True
2026-08-14 16:34:51.635  INFO      lobx.market_data.collector  [BTCUSDT] heartbeat | bid=63160.14×4.1237  ask=63160.15×13.0175  spread=0.01  levels=8467 bid/4116 ask  synced=True
2026-08-14 16:35:21.643  INFO      lobx.market_data.collector  [BTCUSDT] heartbeat | bid=63157.87×2.6694  ask=63157.88×8.0168  spread=0.01  levels=8456 bid/4133 ask  synced=True
2026-08-14 16:35:51.651  INFO      lobx.market_data.collector  [BTCUSDT] heartbeat | bid=63174.39×6.1604  ask=63174.40×5.1434  spread=0.01  levels=8542 bid/4065 ask  synced=True
2026-08-14 16:36:21.668  INFO      lobx.market_data.collector  [BTCUSDT] heartbeat | bid=63178.60×12.3706  ask=63178.61×0.1150  spread=0.01  levels=8595 bid/4046 ask  synced=True
2026-08-14 16:36:51.677  INFO      lobx.market_data.collector  [BTCUSDT] heartbeat | bid=63198.67×5.5773  ask=63198.68×6.1384  spread=0.01  levels=8692 bid/3973 ask  synced=True
2026-08-14 16:37:21.680  INFO      lobx.market_data.collector  [BTCUSDT] heartbeat | bid=63199.99×11.5415  ask=63200.00×0.0936  spread=0.01  levels=8721 bid/3923 ask  synced=True
2026-08-14 16:37:51.690  INFO      lobx.market_data.collector  [BTCUSDT] heartbeat | bid=63209.99×11.1403  ask=63210.00×2.8203  spread=0.01  levels=8785 bid/3947 ask  synced=True
2026-08-14 16:38:21.701  INFO      lobx.market_data.collector  [BTCUSDT] heartbeat | bid=63183.93×10.2924  ask=63183.94×4.0169  spread=0.01  levels=8729 bid/4014 ask  synced=True
2026-08-14 16:38:51.708  INFO      lobx.market_data.collector  [BTCUSDT] heartbeat | bid=63177.76×4.5622  ask=63177.77×5.4745  spread=0.01  levels=8729 bid/4040 ask  synced=True
2026-08-14 16:39:21.710  INFO      lobx.market_data.collector  [BTCUSDT] heartbeat | bid=63192.09×7.1446  ask=63192.10×5.8765  spread=0.01  levels=8745 bid/4014 ask  synced=True
2026-08-14 16:39:51.718  INFO      lobx.market_data.collector  [BTCUSDT] heartbeat | bid=63195.95×0.0440  ask=63195.96×8.6477  spread=0.01  levels=8750 bid/3996 ask  synced=True
2026-08-14 16:40:21.727  INFO      lobx.market_data.collector  [BTCUSDT] heartbeat | bid=63195.85×7.2318  ask=63195.86×3.6524  spread=0.01  levels=8757 bid/4012 ask  synced=True
2026-08-14 16:40:51.741  INFO      lobx.market_data.collector  [BTCUSDT] heartbeat | bid=63202.57×10.4946  ask=63202.58×2.3353  spread=0.01  levels=8770 bid/3988 ask  synced=True
2026-08-14 16:41:21.748  INFO      lobx.market_data.collector  [BTCUSDT] heartbeat | bid=63207.14×1.0224  ask=63207.15×9.9371  spread=0.01  levels=8771 bid/3985 ask  synced=True
2026-08-14 16:41:51.762  INFO      lobx.market_data.collector  [BTCUSDT] heartbeat | bid=63205.72×6.6249  ask=63205.73×4.2461  spread=0.01  levels=8783 bid/4002 ask  synced=True
2026-08-14 16:42:21.776  INFO      lobx.market_data.collector  [BTCUSDT] heartbeat | bid=63202.00×2.5638  ask=63202.01×8.5130  spread=0.01  levels=8774 bid/4013 ask  synced=True
2026-08-14 16:42:51.784  INFO      lobx.market_data.collector  [BTCUSDT] heartbeat | bid=63202.00×6.1099  ask=63202.01×0.9070  spread=0.01  levels=8784 bid/4025 ask  synced=True
2026-08-14 16:43:21.794  INFO      lobx.market_data.collector  [BTCUSDT] heartbeat | bid=63200.00×17.6987  ask=63200.01×8.3647  spread=0.01  levels=8770 bid/3998 ask  synced=True
2026-08-14 16:43:51.809  INFO      lobx.market_data.collector  [BTCUSDT] heartbeat | bid=63200.00×59.3516  ask=63200.01×0.8837  spread=0.01  levels=8769 bid/4019 ask  synced=True
2026-08-14 16:44:21.820  INFO      lobx.market_data.collector  [BTCUSDT] heartbeat | bid=63203.62×8.3199  ask=63203.63×1.8349  spread=0.01  levels=8775 bid/4006 ask  synced=True
2026-08-14 16:44:51.823  INFO      lobx.market_data.collector  [BTCUSDT] heartbeat | bid=63204.84×8.7010  ask=63204.85×0.5141  spread=0.01  levels=8796 bid/4022 ask  synced=True
2026-08-14 16:45:21.834  INFO      lobx.market_data.collector  [BTCUSDT] heartbeat | bid=63210.31×8.8941  ask=63210.32×4.4257  spread=0.01  levels=8822 bid/4024 ask  synced=True
2026-08-14 16:45:51.848  INFO      lobx.market_data.collector  [BTCUSDT] heartbeat | bid=63206.33×8.6568  ask=63206.34×4.3465  spread=0.01  levels=8806 bid/4020 ask  synced=True
2026-08-14 16:46:21.856  INFO      lobx.market_data.collector  [BTCUSDT] heartbeat | bid=63181.73×3.8647  ask=63181.74×11.2976  spread=0.01  levels=8759 bid/4073 ask  synced=True
2026-08-14 16:46:51.861  INFO      lobx.market_data.collector  [BTCUSDT] heartbeat | bid=63145.14×5.5272  ask=63145.15×5.3075  spread=0.01  levels=8701 bid/4183 ask  synced=True
2026-08-14 16:47:21.865  INFO      lobx.market_data.collector  [BTCUSDT] heartbeat | bid=63151.03×5.6351  ask=63151.04×6.1703  spread=0.01  levels=8733 bid/4131 ask  synced=True
2026-08-14 16:47:51.877  INFO      lobx.market_data.collector  [BTCUSDT] heartbeat | bid=63149.99×7.0565  ask=63150.00×1.2890  spread=0.01  levels=8734 bid/4133 ask  synced=True
2026-08-14 16:48:21.888  INFO      lobx.market_data.collector  [BTCUSDT] heartbeat | bid=63161.00×10.7458  ask=63161.01×0.1781  spread=0.01  levels=8782 bid/4133 ask  synced=True
2026-08-14 16:48:51.901  INFO      lobx.market_data.collector  [BTCUSDT] heartbeat | bid=63183.10×9.8075  ask=63183.11×1.7124  spread=0.01  levels=8820 bid/4109 ask  synced=True
2026-08-14 16:49:21.905  INFO      lobx.market_data.collector  [BTCUSDT] heartbeat | bid=63179.21×9.6005  ask=63179.22×0.1716  spread=0.01  levels=8795 bid/4126 ask  synced=True
2026-08-14 16:49:51.919  INFO      lobx.market_data.collector  [BTCUSDT] heartbeat | bid=63170.04×4.7989  ask=63170.05×1.1002  spread=0.01  levels=8778 bid/4168 ask  synced=True
2026-08-14 16:50:21.930  INFO      lobx.market_data.collector  [BTCUSDT] heartbeat | bid=63155.51×3.6145  ask=63155.52×12.0665  spread=0.01  levels=8741 bid/4171 ask  synced=True
2026-08-14 16:50:51.949  INFO      lobx.market_data.collector  [BTCUSDT] heartbeat | bid=63127.92×11.6208  ask=63127.93×1.3860  spread=0.01  levels=8695 bid/4244 ask  synced=True
2026-08-14 16:51:21.954  INFO      lobx.market_data.collector  [BTCUSDT] heartbeat | bid=63137.78×11.7055  ask=63137.79×0.1397  spread=0.01  levels=8720 bid/4161 ask  synced=True
2026-08-14 16:51:51.961  INFO      lobx.market_data.collector  [BTCUSDT] heartbeat | bid=63131.08×2.7732  ask=63131.09×9.3972  spread=0.01  levels=8732 bid/4181 ask  synced=True
2026-08-14 16:52:21.974  INFO      lobx.market_data.collector  [BTCUSDT] heartbeat | bid=63151.15×7.9928  ask=63151.16×5.2695  spread=0.01  levels=8772 bid/4155 ask  synced=True
2026-08-14 16:52:51.983  INFO      lobx.market_data.collector  [BTCUSDT] heartbeat | bid=63151.15×7.4005  ask=63151.16×5.2251  spread=0.01  levels=8778 bid/4159 ask  synced=True
2026-08-14 16:53:21.985  INFO      lobx.market_data.collector  [BTCUSDT] heartbeat | bid=63156.42×10.3602  ask=63156.43×3.4292  spread=0.01  levels=8793 bid/4148 ask  synced=True
2026-08-14 16:53:51.993  INFO      lobx.market_data.collector  [BTCUSDT] heartbeat | bid=63159.50×2.5333  ask=63159.51×5.5953  spread=0.01  levels=8743 bid/4144 ask  synced=True
2026-08-14 16:54:21.998  INFO      lobx.market_data.collector  [BTCUSDT] heartbeat | bid=63105.26×4.8326  ask=63105.27×5.6601  spread=0.01  levels=8655 bid/4272 ask  synced=True
2026-08-14 16:54:52.007  INFO      lobx.market_data.collector  [BTCUSDT] heartbeat | bid=63114.18×6.8724  ask=63114.19×5.1909  spread=0.01  levels=8706 bid/4264 ask  synced=True
2026-08-14 16:55:22.009  INFO      lobx.market_data.collector  [BTCUSDT] heartbeat | bid=63110.00×11.4857  ask=63110.01×3.5955  spread=0.01  levels=8683 bid/4257 ask  synced=True
2026-08-14 16:55:52.014  INFO      lobx.market_data.collector  [BTCUSDT] heartbeat | bid=63129.53×8.7046  ask=63129.54×5.6156  spread=0.01  levels=8731 bid/4203 ask  synced=True
2026-08-14 16:56:22.029  INFO      lobx.market_data.collector  [BTCUSDT] heartbeat | bid=63129.84×8.7710  ask=63129.85×6.0973  spread=0.01  levels=8727 bid/4226 ask  synced=True
2026-08-14 16:56:52.030  INFO      lobx.market_data.collector  [BTCUSDT] heartbeat | bid=63139.18×4.7316  ask=63139.19×6.1270  spread=0.01  levels=8751 bid/4197 ask  synced=True
2026-08-14 16:57:22.034  INFO      lobx.market_data.collector  [BTCUSDT] heartbeat | bid=63140.04×10.5373  ask=63140.05×0.4620  spread=0.01  levels=8749 bid/4202 ask  synced=True
2026-08-14 16:57:52.042  INFO      lobx.market_data.collector  [BTCUSDT] heartbeat | bid=63146.79×6.6932  ask=63146.80×6.8681  spread=0.01  levels=8770 bid/4176 ask  synced=True
2026-08-14 16:58:22.056  INFO      lobx.market_data.collector  [BTCUSDT] heartbeat | bid=63135.40×3.1406  ask=63135.41×9.7225  spread=0.01  levels=8770 bid/4210 ask  synced=True
2026-08-14 16:58:52.071  INFO      lobx.market_data.collector  [BTCUSDT] heartbeat | bid=63144.29×5.1177  ask=63144.30×10.4329  spread=0.01  levels=8774 bid/4202 ask  synced=True
2026-08-14 16:59:22.086  INFO      lobx.market_data.collector  [BTCUSDT] heartbeat | bid=63144.00×0.6923  ask=63144.01×7.3534  spread=0.01  levels=8764 bid/4202 ask  synced=True
2026-08-14 16:59:52.098  INFO      lobx.market_data.collector  [BTCUSDT] heartbeat | bid=63133.39×9.0449  ask=63133.40×3.0224  spread=0.01  levels=8726 bid/4240 ask  synced=True
2026-08-14 17:00:22.110  INFO      lobx.market_data.collector  [BTCUSDT] heartbeat | bid=63154.78×7.4940  ask=63154.79×4.8523  spread=0.01  levels=8778 bid/4189 ask  synced=True
2026-08-14 17:00:52.116  INFO      lobx.market_data.collector  [BTCUSDT] heartbeat | bid=63154.10×10.9048  ask=63154.11×5.2149  spread=0.01  levels=8798 bid/4196 ask  synced=True
2026-08-14 17:01:22.132  INFO      lobx.market_data.collector  [BTCUSDT] heartbeat | bid=63161.66×8.7036  ask=63161.67×1.6236  spread=0.01  levels=8813 bid/4174 ask  synced=True
2026-08-14 17:01:52.139  INFO      lobx.market_data.collector  [BTCUSDT] heartbeat | bid=63161.66×5.9596  ask=63161.67×3.7266  spread=0.01  levels=8735 bid/4133 ask  synced=True
2026-08-14 17:02:22.145  INFO      lobx.market_data.collector  [BTCUSDT] heartbeat | bid=63164.00×2.5863  ask=63164.01×9.3418  spread=0.01  levels=8799 bid/4189 ask  synced=True
2026-08-14 17:02:52.150  INFO      lobx.market_data.collector  [BTCUSDT] heartbeat | bid=63164.00×6.4270  ask=63164.01×1.9721  spread=0.01  levels=8814 bid/4187 ask  synced=True
2026-08-14 17:03:22.156  INFO      lobx.market_data.collector  [BTCUSDT] heartbeat | bid=63176.27×11.2495  ask=63176.28×0.3984  spread=0.01  levels=8834 bid/4156 ask  synced=True
2026-08-14 17:03:52.158  INFO      lobx.market_data.collector  [BTCUSDT] heartbeat | bid=63150.77×0.9679  ask=63150.78×10.4675  spread=0.01  levels=8781 bid/4225 ask  synced=True
2026-08-14 17:04:22.160  INFO      lobx.market_data.collector  [BTCUSDT] heartbeat | bid=63165.15×5.8547  ask=63165.16×5.5003  spread=0.01  levels=8819 bid/4198 ask  synced=True
2026-08-14 17:04:52.171  INFO      lobx.market_data.collector  [BTCUSDT] heartbeat | bid=63155.22×4.0699  ask=63155.23×10.8801  spread=0.01  levels=8799 bid/4229 ask  synced=True
2026-08-14 17:05:22.174  INFO      lobx.market_data.collector  [BTCUSDT] heartbeat | bid=63145.99×12.6393  ask=63146.00×2.2209  spread=0.01  levels=8757 bid/4241 ask  synced=True
2026-08-14 17:05:52.188  INFO      lobx.market_data.collector  [BTCUSDT] heartbeat | bid=63146.19×2.9201  ask=63146.20×10.4949  spread=0.01  levels=8779 bid/4257 ask  synced=True
2026-08-14 17:06:22.191  INFO      lobx.market_data.collector  [BTCUSDT] heartbeat | bid=63152.00×3.1519  ask=63152.01×9.2453  spread=0.01  levels=8796 bid/4250 ask  synced=True
2026-08-14 17:06:52.198  INFO      lobx.market_data.collector  [BTCUSDT] heartbeat | bid=63134.33×3.4992  ask=63134.34×11.3948  spread=0.01  levels=8746 bid/4285 ask  synced=True
2026-08-14 17:07:22.214  INFO      lobx.market_data.collector  [BTCUSDT] heartbeat | bid=63118.00×5.3608  ask=63118.01×7.6680  spread=0.01  levels=8711 bid/4305 ask  synced=True
2026-08-14 17:07:52.228  INFO      lobx.market_data.collector  [BTCUSDT] heartbeat | bid=63123.99×10.8432  ask=63124.00×2.0769  spread=0.01  levels=8750 bid/4303 ask  synced=True
2026-08-14 17:08:22.246  INFO      lobx.market_data.collector  [BTCUSDT] heartbeat | bid=63121.34×4.9752  ask=63121.35×9.1085  spread=0.01  levels=8751 bid/4313 ask  synced=True
2026-08-14 17:08:52.263  INFO      lobx.market_data.collector  [BTCUSDT] heartbeat | bid=63136.82×8.5518  ask=63136.83×2.5004  spread=0.01  levels=8794 bid/4273 ask  synced=True
2026-08-14 17:09:22.276  INFO      lobx.market_data.collector  [BTCUSDT] heartbeat | bid=63124.00×5.6386  ask=63124.01×10.3370  spread=0.01  levels=8757 bid/4312 ask  synced=True
2026-08-14 17:09:52.288  INFO      lobx.market_data.collector  [BTCUSDT] heartbeat | bid=63122.55×9.9310  ask=63122.56×2.6497  spread=0.01  levels=8761 bid/4331 ask  synced=True
2026-08-14 17:10:22.290  INFO      lobx.market_data.collector  [BTCUSDT] heartbeat | bid=63138.96×11.6088  ask=63138.97×0.4061  spread=0.01  levels=8810 bid/4281 ask  synced=True
2026-08-14 17:10:52.302  INFO      lobx.market_data.collector  [BTCUSDT] heartbeat | bid=63134.00×2.5821  ask=63134.01×10.0743  spread=0.01  levels=8790 bid/4301 ask  synced=True
2026-08-14 17:11:22.306  INFO      lobx.market_data.collector  [BTCUSDT] heartbeat | bid=63134.96×2.5805  ask=63134.97×11.3934  spread=0.01  levels=8822 bid/4304 ask  synced=True
2026-08-14 17:11:52.310  INFO      lobx.market_data.collector  [BTCUSDT] heartbeat | bid=63137.14×2.4452  ask=63137.15×14.6202  spread=0.01  levels=8800 bid/4286 ask  synced=True
2026-08-14 17:12:22.316  INFO      lobx.market_data.collector  [BTCUSDT] heartbeat | bid=63128.00×4.9129  ask=63128.01×11.1927  spread=0.01  levels=8770 bid/4324 ask  synced=True
2026-08-14 17:12:52.323  INFO      lobx.market_data.collector  [BTCUSDT] heartbeat | bid=63128.00×5.3853  ask=63128.01×5.4559  spread=0.01  levels=8766 bid/4331 ask  synced=True
2026-08-14 17:13:22.333  INFO      lobx.market_data.collector  [BTCUSDT] heartbeat | bid=63139.67×7.6667  ask=63139.68×4.8389  spread=0.01  levels=8819 bid/4296 ask  synced=True
2026-08-14 17:13:52.344  INFO      lobx.market_data.collector  [BTCUSDT] heartbeat | bid=63150.19×6.7924  ask=63150.20×6.0686  spread=0.01  levels=8839 bid/4281 ask  synced=True
2026-08-14 17:14:22.351  INFO      lobx.market_data.collector  [BTCUSDT] heartbeat | bid=63170.45×9.2009  ask=63170.46×0.3236  spread=0.01  levels=8883 bid/4223 ask  synced=True
2026-08-14 17:14:52.363  INFO      lobx.market_data.collector  [BTCUSDT] heartbeat | bid=63177.92×10.3232  ask=63177.93×0.9948  spread=0.01  levels=8900 bid/4211 ask  synced=True
2026-08-14 17:15:22.380  INFO      lobx.market_data.collector  [BTCUSDT] heartbeat | bid=63180.63×8.2245  ask=63180.64×0.6992  spread=0.01  levels=8901 bid/4216 ask  synced=True
2026-08-14 17:15:52.388  INFO      lobx.market_data.collector  [BTCUSDT] heartbeat | bid=63166.14×4.6128  ask=63166.15×1.1263  spread=0.01  levels=8859 bid/4267 ask  synced=True
2026-08-14 17:16:22.406  INFO      lobx.market_data.collector  [BTCUSDT] heartbeat | bid=63171.44×4.9043  ask=63171.45×2.1816  spread=0.01  levels=8871 bid/4271 ask  synced=True
2026-08-14 17:16:52.410  INFO      lobx.market_data.collector  [BTCUSDT] heartbeat | bid=63191.99×10.0225  ask=63192.00×0.3095  spread=0.01  levels=8922 bid/4200 ask  synced=True
2026-08-14 17:17:22.422  INFO      lobx.market_data.collector  [BTCUSDT] heartbeat | bid=63194.00×2.9628  ask=63194.01×5.5238  spread=0.01  levels=8898 bid/4205 ask  synced=True
2026-08-14 17:17:52.429  INFO      lobx.market_data.collector  [BTCUSDT] heartbeat | bid=63205.99×5.8425  ask=63206.00×3.6855  spread=0.01  levels=8948 bid/4202 ask  synced=True
2026-08-14 17:18:22.441  INFO      lobx.market_data.collector  [BTCUSDT] heartbeat | bid=63198.53×8.0430  ask=63198.54×1.9211  spread=0.01  levels=8892 bid/4229 ask  synced=True
2026-08-14 17:18:52.444  INFO      lobx.market_data.collector  [BTCUSDT] heartbeat | bid=63203.32×3.7990  ask=63203.33×4.1604  spread=0.01  levels=8922 bid/4210 ask  synced=True
2026-08-14 17:19:22.453  INFO      lobx.market_data.collector  [BTCUSDT] heartbeat | bid=63210.12×1.4441  ask=63210.13×16.8165  spread=0.01  levels=8945 bid/4191 ask  synced=True
2026-08-14 17:19:52.469  INFO      lobx.market_data.collector  [BTCUSDT] heartbeat | bid=63209.69×4.9905  ask=63209.70×3.6691  spread=0.01  levels=8950 bid/4216 ask  synced=True
2026-08-14 17:20:22.476  INFO      lobx.market_data.collector  [BTCUSDT] heartbeat | bid=63206.90×8.6620  ask=63206.91×0.0061  spread=0.01  levels=8957 bid/4228 ask  synced=True
2026-08-14 17:20:52.480  INFO      lobx.market_data.collector  [BTCUSDT] heartbeat | bid=63215.71×8.5131  ask=63215.72×0.0109  spread=0.01  levels=8962 bid/4204 ask  synced=True
2026-08-14 17:21:22.484  INFO      lobx.market_data.collector  [BTCUSDT] heartbeat | bid=63221.62×8.6285  ask=63221.63×0.2560  spread=0.01  levels=9031 bid/4134 ask  synced=True
2026-08-14 17:21:52.489  INFO      lobx.market_data.collector  [BTCUSDT] heartbeat | bid=63200.00×10.6518  ask=63200.01×6.1912  spread=0.01  levels=8941 bid/4160 ask  synced=True
2026-08-14 17:22:22.496  INFO      lobx.market_data.collector  [BTCUSDT] heartbeat | bid=63218.67×10.7503  ask=63218.68×0.7656  spread=0.01  levels=9039 bid/4168 ask  synced=True
2026-08-14 17:22:52.510  INFO      lobx.market_data.collector  [BTCUSDT] heartbeat | bid=63241.39×8.4758  ask=63241.40×0.6127  spread=0.01  levels=9153 bid/4087 ask  synced=True
2026-08-14 17:23:22.524  INFO      lobx.market_data.collector  [BTCUSDT] heartbeat | bid=63239.42×11.4623  ask=63239.43×0.0713  spread=0.01  levels=9163 bid/4106 ask  synced=True
2026-08-14 17:23:52.540  INFO      lobx.market_data.collector  [BTCUSDT] heartbeat | bid=63239.42×5.2539  ask=63239.43×2.7647  spread=0.01  levels=9164 bid/4121 ask  synced=True
2026-08-14 17:24:22.544  INFO      lobx.market_data.collector  [BTCUSDT] heartbeat | bid=63238.06×10.9541  ask=63238.07×0.2438  spread=0.01  levels=9118 bid/4130 ask  synced=True
2026-08-14 17:24:52.560  INFO      lobx.market_data.collector  [BTCUSDT] heartbeat | bid=63227.59×11.6959  ask=63227.60×0.7140  spread=0.01  levels=9070 bid/4175 ask  synced=True
2026-08-14 17:25:22.576  INFO      lobx.market_data.collector  [BTCUSDT] heartbeat | bid=63227.68×8.8702  ask=63227.69×1.1342  spread=0.01  levels=9115 bid/4188 ask  synced=True
2026-08-14 17:25:52.583  INFO      lobx.market_data.collector  [BTCUSDT] heartbeat | bid=63214.00×4.6721  ask=63214.01×0.8992  spread=0.01  levels=9089 bid/4195 ask  synced=True
2026-08-14 17:26:22.592  INFO      lobx.market_data.collector  [BTCUSDT] heartbeat | bid=63200.00×2.0281  ask=63200.01×9.5029  spread=0.01  levels=9057 bid/4235 ask  synced=True
2026-08-14 17:26:52.601  INFO      lobx.market_data.collector  [BTCUSDT] heartbeat | bid=63199.48×9.4298  ask=63199.49×0.1497  spread=0.01  levels=9077 bid/4241 ask  synced=True
2026-08-14 17:27:22.616  INFO      lobx.market_data.collector  [BTCUSDT] heartbeat | bid=63200.53×5.5306  ask=63200.54×0.5170  spread=0.01  levels=9106 bid/4258 ask  synced=True
2026-08-14 17:27:52.619  INFO      lobx.market_data.collector  [BTCUSDT] heartbeat | bid=63192.00×4.3233  ask=63192.01×0.7527  spread=0.01  levels=9035 bid/4246 ask  synced=True
2026-08-14 17:28:22.625  INFO      lobx.market_data.collector  [BTCUSDT] heartbeat | bid=63199.99×7.4616  ask=63200.00×0.3800  spread=0.01  levels=9088 bid/4246 ask  synced=True
2026-08-14 17:28:52.636  INFO      lobx.market_data.collector  [BTCUSDT] heartbeat | bid=63202.88×8.5104  ask=63202.89×0.0425  spread=0.01  levels=9105 bid/4238 ask  synced=True
2026-08-14 17:29:22.644  INFO      lobx.market_data.collector  [BTCUSDT] heartbeat | bid=63204.11×3.6732  ask=63204.12×3.1872  spread=0.01  levels=9100 bid/4243 ask  synced=True
2026-08-14 17:29:52.658  INFO      lobx.market_data.collector  [BTCUSDT] heartbeat | bid=63202.00×3.3820  ask=63202.01×6.8341  spread=0.01  levels=9101 bid/4251 ask  synced=True
2026-08-14 17:30:22.662  INFO      lobx.market_data.collector  [BTCUSDT] heartbeat | bid=63208.32×10.5022  ask=63208.33×0.1667  spread=0.01  levels=9119 bid/4250 ask  synced=True
2026-08-14 17:30:52.670  INFO      lobx.market_data.collector  [BTCUSDT] heartbeat | bid=63187.99×8.5206  ask=63188.00×0.9223  spread=0.01  levels=9063 bid/4292 ask  synced=True
2026-08-14 17:31:22.678  INFO      lobx.market_data.collector  [BTCUSDT] heartbeat | bid=63176.36×4.0504  ask=63176.37×2.2645  spread=0.01  levels=9053 bid/4306 ask  synced=True
2026-08-14 17:31:52.685  INFO      lobx.market_data.collector  [BTCUSDT] heartbeat | bid=63199.97×9.1943  ask=63199.98×1.0428  spread=0.01  levels=9115 bid/4245 ask  synced=True
2026-08-14 17:32:22.694  INFO      lobx.market_data.collector  [BTCUSDT] heartbeat | bid=63217.98×8.7093  ask=63217.99×2.1256  spread=0.01  levels=9165 bid/4213 ask  synced=True
2026-08-14 17:32:52.707  INFO      lobx.market_data.collector  [BTCUSDT] heartbeat | bid=63219.99×7.6920  ask=63220.00×1.1490  spread=0.01  levels=9182 bid/4207 ask  synced=True
2026-08-14 17:33:22.724  INFO      lobx.market_data.collector  [BTCUSDT] heartbeat | bid=63195.33×2.9752  ask=63195.34×6.1811  spread=0.01  levels=9114 bid/4281 ask  synced=True
2026-08-14 17:33:52.731  INFO      lobx.market_data.collector  [BTCUSDT] heartbeat | bid=63210.00×9.8599  ask=63210.01×0.7477  spread=0.01  levels=9147 bid/4229 ask  synced=True
2026-08-14 17:34:22.747  INFO      lobx.market_data.collector  [BTCUSDT] heartbeat | bid=63216.72×6.9260  ask=63216.73×4.1261  spread=0.01  levels=9166 bid/4238 ask  synced=True
2026-08-14 17:34:52.759  INFO      lobx.market_data.collector  [BTCUSDT] heartbeat | bid=63216.72×5.4372  ask=63216.73×6.9708  spread=0.01  levels=9167 bid/4244 ask  synced=True
2026-08-14 17:35:22.767  INFO      lobx.market_data.collector  [BTCUSDT] heartbeat | bid=63208.73×2.6934  ask=63208.74×10.9960  spread=0.01  levels=9156 bid/4262 ask  synced=True
2026-08-14 17:35:52.774  INFO      lobx.market_data.collector  [BTCUSDT] heartbeat | bid=63183.42×2.9897  ask=63183.43×7.2577  spread=0.01  levels=9073 bid/4323 ask  synced=True
2026-08-14 17:36:22.787  INFO      lobx.market_data.collector  [BTCUSDT] heartbeat | bid=63174.40×2.6295  ask=63174.41×6.2067  spread=0.01  levels=9051 bid/4341 ask  synced=True
2026-08-14 17:36:52.805  INFO      lobx.market_data.collector  [BTCUSDT] heartbeat | bid=63165.75×0.1042  ask=63165.76×8.5996  spread=0.01  levels=9012 bid/4355 ask  synced=True
2026-08-14 17:37:22.812  INFO      lobx.market_data.collector  [BTCUSDT] heartbeat | bid=63138.63×4.5789  ask=63138.64×5.9215  spread=0.01  levels=9036 bid/4378 ask  synced=True
2026-08-14 17:37:52.820  INFO      lobx.market_data.collector  [BTCUSDT] heartbeat | bid=63147.99×7.4533  ask=63148.00×4.3022  spread=0.01  levels=9069 bid/4349 ask  synced=True
2026-08-14 17:38:22.834  INFO      lobx.market_data.collector  [BTCUSDT] heartbeat | bid=63155.15×3.8779  ask=63155.16×3.4613  spread=0.01  levels=9095 bid/4324 ask  synced=True
2026-08-14 17:38:52.840  INFO      lobx.market_data.collector  [BTCUSDT] heartbeat | bid=63136.64×4.3466  ask=63136.65×1.9863  spread=0.01  levels=9043 bid/4369 ask  synced=True
2026-08-14 17:39:22.853  INFO      lobx.market_data.collector  [BTCUSDT] heartbeat | bid=63136.64×4.6314  ask=63136.65×2.7870  spread=0.01  levels=9055 bid/4369 ask  synced=True
2026-08-14 17:39:52.861  INFO      lobx.market_data.collector  [BTCUSDT] heartbeat | bid=63133.27×7.5061  ask=63133.28×4.0876  spread=0.01  levels=9051 bid/4364 ask  synced=True
2026-08-14 17:40:22.879  INFO      lobx.market_data.collector  [BTCUSDT] heartbeat | bid=63139.54×10.0604  ask=63139.55×1.5081  spread=0.01  levels=9098 bid/4347 ask  synced=True
2026-08-14 17:40:52.884  INFO      lobx.market_data.collector  [BTCUSDT] heartbeat | bid=63141.87×11.4463  ask=63141.88×0.3950  spread=0.01  levels=9094 bid/4327 ask  synced=True
2026-08-14 17:41:22.899  INFO      lobx.market_data.collector  [BTCUSDT] heartbeat | bid=63143.18×8.0548  ask=63143.19×4.1596  spread=0.01  levels=9106 bid/4341 ask  synced=True
2026-08-14 17:41:52.906  INFO      lobx.market_data.collector  [BTCUSDT] heartbeat | bid=63143.18×7.4670  ask=63143.19×4.4797  spread=0.01  levels=9101 bid/4339 ask  synced=True
2026-08-14 17:42:22.917  INFO      lobx.market_data.collector  [BTCUSDT] heartbeat | bid=63130.36×5.3865  ask=63130.37×1.3527  spread=0.01  levels=9067 bid/4382 ask  synced=True
2026-08-14 17:42:52.921  INFO      lobx.market_data.collector  [BTCUSDT] heartbeat | bid=63124.00×4.6590  ask=63124.01×2.1130  spread=0.01  levels=9039 bid/4412 ask  synced=True
2026-08-14 17:43:22.925  INFO      lobx.market_data.collector  [BTCUSDT] heartbeat | bid=63107.37×3.4130  ask=63107.38×7.2455  spread=0.01  levels=9020 bid/4430 ask  synced=True
2026-08-14 17:43:52.934  INFO      lobx.market_data.collector  [BTCUSDT] heartbeat | bid=63089.29×8.4294  ask=63089.30×3.4155  spread=0.01  levels=8984 bid/4452 ask  synced=True
2026-08-14 17:44:22.936  INFO      lobx.market_data.collector  [BTCUSDT] heartbeat | bid=63076.50×5.7182  ask=63076.51×2.6411  spread=0.01  levels=9000 bid/4452 ask  synced=True
2026-08-14 17:44:52.938  INFO      lobx.market_data.collector  [BTCUSDT] heartbeat | bid=63103.99×11.3312  ask=63104.00×3.0078  spread=0.01  levels=9064 bid/4360 ask  synced=True
2026-08-14 17:45:22.946  INFO      lobx.market_data.collector  [BTCUSDT] heartbeat | bid=63112.71×3.8643  ask=63112.72×10.0586  spread=0.01  levels=9094 bid/4381 ask  synced=True
2026-08-14 17:45:52.954  INFO      lobx.market_data.collector  [BTCUSDT] heartbeat | bid=63112.71×4.6979  ask=63112.72×5.3530  spread=0.01  levels=9109 bid/4386 ask  synced=True
2026-08-14 17:46:22.959  INFO      lobx.market_data.collector  [BTCUSDT] heartbeat | bid=63112.44×2.8722  ask=63112.45×9.0479  spread=0.01  levels=9112 bid/4384 ask  synced=True
2026-08-14 17:46:52.964  INFO      lobx.market_data.collector  [BTCUSDT] heartbeat | bid=63110.56×11.1848  ask=63110.57×2.5140  spread=0.01  levels=9100 bid/4413 ask  synced=True
2026-08-14 17:47:22.973  INFO      lobx.market_data.collector  [BTCUSDT] heartbeat | bid=63119.99×4.8933  ask=63120.00×5.4548  spread=0.01  levels=9130 bid/4367 ask  synced=True
2026-08-14 17:47:52.980  INFO      lobx.market_data.collector  [BTCUSDT] heartbeat | bid=63106.00×4.8814  ask=63106.01×6.7080  spread=0.01  levels=9063 bid/4410 ask  synced=True
2026-08-14 17:48:22.995  INFO      lobx.market_data.collector  [BTCUSDT] heartbeat | bid=63107.93×4.2024  ask=63107.94×6.9809  spread=0.01  levels=9073 bid/4410 ask  synced=True
2026-08-14 17:48:53.003  INFO      lobx.market_data.collector  [BTCUSDT] heartbeat | bid=63110.94×6.0365  ask=63110.95×6.0081  spread=0.01  levels=9090 bid/4412 ask  synced=True
2026-08-14 17:49:23.009  INFO      lobx.market_data.collector  [BTCUSDT] heartbeat | bid=63127.15×10.4217  ask=63127.16×1.4166  spread=0.01  levels=9102 bid/4351 ask  synced=True
2026-08-14 17:49:53.016  INFO      lobx.market_data.collector  [BTCUSDT] heartbeat | bid=63115.00×5.3169  ask=63115.01×3.9240  spread=0.01  levels=9098 bid/4399 ask  synced=True
2026-08-14 17:50:23.029  INFO      lobx.market_data.collector  [BTCUSDT] heartbeat | bid=63094.86×2.7045  ask=63094.87×10.9669  spread=0.01  levels=9041 bid/4431 ask  synced=True
2026-08-14 17:50:53.032  INFO      lobx.market_data.collector  [BTCUSDT] heartbeat | bid=63089.27×10.6990  ask=63089.28×0.5810  spread=0.01  levels=9030 bid/4465 ask  synced=True
2026-08-14 17:51:23.049  INFO      lobx.market_data.collector  [BTCUSDT] heartbeat | bid=63095.50×10.4868  ask=63095.51×0.1606  spread=0.01  levels=9064 bid/4448 ask  synced=True
2026-08-14 17:51:53.060  INFO      lobx.market_data.collector  [BTCUSDT] heartbeat | bid=63078.82×4.6922  ask=63078.83×2.4431  spread=0.01  levels=9041 bid/4487 ask  synced=True
2026-08-14 17:52:23.067  INFO      lobx.market_data.collector  [BTCUSDT] heartbeat | bid=63076.99×4.2250  ask=63077.00×9.3866  spread=0.01  levels=9034 bid/4465 ask  synced=True
2026-08-14 17:52:53.082  INFO      lobx.market_data.collector  [BTCUSDT] heartbeat | bid=63080.96×9.0253  ask=63080.97×6.1786  spread=0.01  levels=9033 bid/4459 ask  synced=True
2026-08-14 17:53:23.093  INFO      lobx.market_data.collector  [BTCUSDT] heartbeat | bid=63076.62×10.5408  ask=63076.63×2.1508  spread=0.01  levels=9036 bid/4490 ask  synced=True
2026-08-14 17:53:53.112  INFO      lobx.market_data.collector  [BTCUSDT] heartbeat | bid=63072.00×6.8430  ask=63072.01×3.1832  spread=0.01  levels=9042 bid/4497 ask  synced=True
2026-08-14 17:54:23.127  INFO      lobx.market_data.collector  [BTCUSDT] heartbeat | bid=63075.11×8.4934  ask=63075.12×1.3586  spread=0.01  levels=9045 bid/4515 ask  synced=True
2026-08-14 17:54:53.138  INFO      lobx.market_data.collector  [BTCUSDT] heartbeat | bid=63079.43×4.3332  ask=63079.44×6.3784  spread=0.01  levels=9072 bid/4462 ask  synced=True
2026-08-14 17:55:23.152  INFO      lobx.market_data.collector  [BTCUSDT] heartbeat | bid=63049.91×7.9077  ask=63049.92×1.5426  spread=0.01  levels=9011 bid/4488 ask  synced=True
2026-08-14 17:55:53.165  INFO      lobx.market_data.collector  [BTCUSDT] heartbeat | bid=63037.54×0.2679  ask=63037.55×8.1053  spread=0.01  levels=8998 bid/4522 ask  synced=True
2026-08-14 17:56:23.170  INFO      lobx.market_data.collector  [BTCUSDT] heartbeat | bid=63024.80×8.2962  ask=63024.81×5.3766  spread=0.01  levels=8940 bid/4572 ask  synced=True
2026-08-14 17:56:53.189  INFO      lobx.market_data.collector  [BTCUSDT] heartbeat | bid=63004.71×1.4819  ask=63004.72×9.7690  spread=0.01  levels=8892 bid/4620 ask  synced=True
2026-08-14 17:57:23.192  INFO      lobx.market_data.collector  [BTCUSDT] heartbeat | bid=63002.68×0.7944  ask=63002.69×6.5563  spread=0.01  levels=8872 bid/4639 ask  synced=True
2026-08-14 17:57:53.195  INFO      lobx.market_data.collector  [BTCUSDT] heartbeat | bid=63020.83×9.6682  ask=63020.84×2.7727  spread=0.01  levels=8932 bid/4619 ask  synced=True
2026-08-14 17:58:23.208  INFO      lobx.market_data.collector  [BTCUSDT] heartbeat | bid=63021.99×11.7800  ask=63022.00×3.1128  spread=0.01  levels=8983 bid/4624 ask  synced=True
2026-08-14 17:58:53.222  INFO      lobx.market_data.collector  [BTCUSDT] heartbeat | bid=63023.30×1.5647  ask=63023.31×8.1539  spread=0.01  levels=8941 bid/4629 ask  synced=True
2026-08-14 17:59:23.230  INFO      lobx.market_data.collector  [BTCUSDT] heartbeat | bid=63013.69×3.4059  ask=63013.70×10.2547  spread=0.01  levels=8952 bid/4675 ask  synced=True
2026-08-14 17:59:53.248  INFO      lobx.market_data.collector  [BTCUSDT] heartbeat | bid=63013.69×14.2589  ask=63013.70×0.3055  spread=0.01  levels=8937 bid/4636 ask  synced=True
2026-08-14 18:00:23.263  INFO      lobx.market_data.collector  [BTCUSDT] heartbeat | bid=63008.09×3.3386  ask=63008.10×9.9858  spread=0.01  levels=8936 bid/4655 ask  synced=True
2026-08-14 18:00:53.282  INFO      lobx.market_data.collector  [BTCUSDT] heartbeat | bid=63011.23×9.9486  ask=63011.24×3.5941  spread=0.01  levels=8961 bid/4651 ask  synced=True
2026-08-14 18:01:23.299  INFO      lobx.market_data.collector  [BTCUSDT] heartbeat | bid=62994.00×4.2259  ask=62994.01×10.0689  spread=0.01  levels=8874 bid/4688 ask  synced=True
2026-08-14 18:01:53.313  INFO      lobx.market_data.collector  [BTCUSDT] heartbeat | bid=62972.08×11.9856  ask=62972.09×2.0851  spread=0.01  levels=8803 bid/4733 ask  synced=True
2026-08-14 18:02:23.323  INFO      lobx.market_data.collector  [BTCUSDT] heartbeat | bid=62981.03×11.9949  ask=62981.04×0.3119  spread=0.01  levels=8889 bid/4723 ask  synced=True
2026-08-14 18:02:53.332  INFO      lobx.market_data.collector  [BTCUSDT] heartbeat | bid=63011.99×7.0216  ask=63012.00×2.8958  spread=0.01  levels=8943 bid/4658 ask  synced=True
2026-08-14 18:03:23.343  INFO      lobx.market_data.collector  [BTCUSDT] heartbeat | bid=63028.49×10.6710  ask=63028.50×1.3767  spread=0.01  levels=8996 bid/4625 ask  synced=True
2026-08-14 18:03:53.354  INFO      lobx.market_data.collector  [BTCUSDT] heartbeat | bid=63032.00×5.1289  ask=63032.01×6.9788  spread=0.01  levels=8976 bid/4651 ask  synced=True
2026-08-14 18:04:23.367  INFO      lobx.market_data.collector  [BTCUSDT] heartbeat | bid=63049.91×9.2768  ask=63049.92×0.2299  spread=0.01  levels=9002 bid/4660 ask  synced=True
2026-08-14 18:04:53.379  INFO      lobx.market_data.collector  [BTCUSDT] heartbeat | bid=63041.99×3.0591  ask=63042.00×6.5102  spread=0.01  levels=9000 bid/4693 ask  synced=True
2026-08-14 18:05:23.385  INFO      lobx.market_data.collector  [BTCUSDT] heartbeat | bid=63041.99×4.3603  ask=63042.00×3.6096  spread=0.01  levels=8994 bid/4674 ask  synced=True
2026-08-14 18:05:53.398  INFO      lobx.market_data.collector  [BTCUSDT] heartbeat | bid=63057.80×5.6145  ask=63057.81×6.6743  spread=0.01  levels=8996 bid/4623 ask  synced=True
2026-08-14 18:06:23.413  INFO      lobx.market_data.collector  [BTCUSDT] heartbeat | bid=63064.38×8.9732  ask=63064.39×1.3895  spread=0.01  levels=9029 bid/4636 ask  synced=True
2026-08-14 18:06:53.431  INFO      lobx.market_data.collector  [BTCUSDT] heartbeat | bid=63034.00×0.0439  ask=63034.01×10.1454  spread=0.01  levels=8917 bid/4715 ask  synced=True
2026-08-14 18:07:23.443  INFO      lobx.market_data.collector  [BTCUSDT] heartbeat | bid=63034.38×2.4712  ask=63034.39×5.5001  spread=0.01  levels=8929 bid/4706 ask  synced=True
2026-08-14 18:07:53.459  INFO      lobx.market_data.collector  [BTCUSDT] heartbeat | bid=63045.92×3.3415  ask=63045.93×10.1243  spread=0.01  levels=8985 bid/4700 ask  synced=True
2026-08-14 18:08:23.471  INFO      lobx.market_data.collector  [BTCUSDT] heartbeat | bid=63040.38×3.8391  ask=63040.39×8.0655  spread=0.01  levels=8964 bid/4707 ask  synced=True
2026-08-14 18:08:53.481  INFO      lobx.market_data.collector  [BTCUSDT] heartbeat | bid=63047.31×9.9180  ask=63047.32×3.6999  spread=0.01  levels=8959 bid/4701 ask  synced=True
2026-08-14 18:09:23.494  INFO      lobx.market_data.collector  [BTCUSDT] heartbeat | bid=63022.00×4.7162  ask=63022.01×3.8744  spread=0.01  levels=8893 bid/4749 ask  synced=True
2026-08-14 18:09:53.503  INFO      lobx.market_data.collector  [BTCUSDT] heartbeat | bid=63032.42×8.0299  ask=63032.43×0.1344  spread=0.01  levels=8946 bid/4737 ask  synced=True
2026-08-14 18:10:23.512  INFO      lobx.market_data.collector  [BTCUSDT] heartbeat | bid=63058.58×9.9746  ask=63058.59×1.9101  spread=0.01  levels=9014 bid/4696 ask  synced=True
2026-08-14 18:10:53.527  INFO      lobx.market_data.collector  [BTCUSDT] heartbeat | bid=63063.06×5.3470  ask=63063.07×4.5610  spread=0.01  levels=9028 bid/4680 ask  synced=True
2026-08-14 18:11:23.540  INFO      lobx.market_data.collector  [BTCUSDT] heartbeat | bid=63069.99×8.8078  ask=63070.00×1.4292  spread=0.01  levels=9040 bid/4688 ask  synced=True
2026-08-14 18:11:53.547  INFO      lobx.market_data.collector  [BTCUSDT] heartbeat | bid=63069.99×3.6100  ask=63070.00×5.0850  spread=0.01  levels=9030 bid/4681 ask  synced=True
2026-08-14 18:12:23.554  INFO      lobx.market_data.collector  [BTCUSDT] heartbeat | bid=63056.78×10.0847  ask=63056.79×0.2435  spread=0.01  levels=8989 bid/4705 ask  synced=True
2026-08-14 18:12:53.563  INFO      lobx.market_data.collector  [BTCUSDT] heartbeat | bid=63058.04×11.5742  ask=63058.05×4.2941  spread=0.01  levels=8991 bid/4712 ask  synced=True
2026-08-14 18:13:23.572  INFO      lobx.market_data.collector  [BTCUSDT] heartbeat | bid=63038.00×3.3197  ask=63038.01×9.8215  spread=0.01  levels=8947 bid/4766 ask  synced=True
2026-08-14 18:13:53.584  INFO      lobx.market_data.collector  [BTCUSDT] heartbeat | bid=63030.73×4.5084  ask=63030.74×4.2693  spread=0.01  levels=8932 bid/4776 ask  synced=True
2026-08-14 18:14:23.599  INFO      lobx.market_data.collector  [BTCUSDT] heartbeat | bid=63026.19×3.7426  ask=63026.20×4.1579  spread=0.01  levels=8930 bid/4793 ask  synced=True
2026-08-14 18:14:53.602  INFO      lobx.market_data.collector  [BTCUSDT] heartbeat | bid=63000.00×4.2150  ask=63000.01×9.5605  spread=0.01  levels=8847 bid/4797 ask  synced=True
2026-08-14 18:15:23.619  INFO      lobx.market_data.collector  [BTCUSDT] heartbeat | bid=63008.80×4.3883  ask=63008.81×4.0380  spread=0.01  levels=8902 bid/4785 ask  synced=True
2026-08-14 18:15:53.629  INFO      lobx.market_data.collector  [BTCUSDT] heartbeat | bid=63021.99×9.3842  ask=63022.00×0.0239  spread=0.01  levels=8963 bid/4748 ask  synced=True
2026-08-14 18:16:23.636  INFO      lobx.market_data.collector  [BTCUSDT] heartbeat | bid=63026.95×4.5607  ask=63026.96×7.3839  spread=0.01  levels=8971 bid/4741 ask  synced=True
2026-08-14 18:16:53.644  INFO      lobx.market_data.collector  [BTCUSDT] heartbeat | bid=63033.22×4.6925  ask=63033.23×4.9944  spread=0.01  levels=8993 bid/4727 ask  synced=True
2026-08-14 18:17:23.652  INFO      lobx.market_data.collector  [BTCUSDT] heartbeat | bid=63044.12×8.8958  ask=63044.13×0.5905  spread=0.01  levels=9027 bid/4714 ask  synced=True
2026-08-14 18:17:53.669  INFO      lobx.market_data.collector  [BTCUSDT] heartbeat | bid=63038.00×3.8015  ask=63038.01×6.1367  spread=0.01  levels=9017 bid/4730 ask  synced=True
2026-08-14 18:18:23.674  INFO      lobx.market_data.collector  [BTCUSDT] heartbeat | bid=63031.99×10.6064  ask=63032.00×0.0241  spread=0.01  levels=8985 bid/4762 ask  synced=True
2026-08-14 18:18:53.681  INFO      lobx.market_data.collector  [BTCUSDT] heartbeat | bid=63052.19×9.9831  ask=63052.20×3.2792  spread=0.01  levels=9031 bid/4707 ask  synced=True
2026-08-14 18:19:23.691  INFO      lobx.market_data.collector  [BTCUSDT] heartbeat | bid=63046.76×5.2486  ask=63046.77×3.4284  spread=0.01  levels=9042 bid/4747 ask  synced=True
2026-08-14 18:19:53.702  INFO      lobx.market_data.collector  [BTCUSDT] heartbeat | bid=63038.56×1.3770  ask=63038.57×9.4737  spread=0.01  levels=9026 bid/4769 ask  synced=True
2026-08-14 18:20:23.706  INFO      lobx.market_data.collector  [BTCUSDT] heartbeat | bid=63038.56×4.7445  ask=63038.57×5.9629  spread=0.01  levels=9019 bid/4790 ask  synced=True
2026-08-14 18:20:53.716  INFO      lobx.market_data.collector  [BTCUSDT] heartbeat | bid=63044.06×1.2562  ask=63044.07×6.3277  spread=0.01  levels=9051 bid/4775 ask  synced=True
2026-08-14 18:21:23.720  INFO      lobx.market_data.collector  [BTCUSDT] heartbeat | bid=63044.06×5.2065  ask=63044.07×3.5718  spread=0.01  levels=9047 bid/4770 ask  synced=True
2026-08-14 18:21:53.728  INFO      lobx.market_data.collector  [BTCUSDT] heartbeat | bid=63028.02×5.8841  ask=63028.03×0.6464  spread=0.01  levels=8984 bid/4799 ask  synced=True
2026-08-14 18:22:23.739  INFO      lobx.market_data.collector  [BTCUSDT] heartbeat | bid=63040.00×12.5426  ask=63040.01×5.0880  spread=0.01  levels=9011 bid/4734 ask  synced=True
2026-08-14 18:22:53.745  INFO      lobx.market_data.collector  [BTCUSDT] heartbeat | bid=63052.00×6.2438  ask=63052.01×3.1615  spread=0.01  levels=9078 bid/4746 ask  synced=True
2026-08-14 18:23:23.757  INFO      lobx.market_data.collector  [BTCUSDT] heartbeat | bid=63061.43×10.9747  ask=63061.44×4.2808  spread=0.01  levels=9124 bid/4728 ask  synced=True
2026-08-14 18:23:53.761  INFO      lobx.market_data.collector  [BTCUSDT] heartbeat | bid=63050.03×4.4967  ask=63050.04×9.8496  spread=0.01  levels=9077 bid/4747 ask  synced=True
2026-08-14 18:24:23.768  INFO      lobx.market_data.collector  [BTCUSDT] heartbeat | bid=63038.00×4.0940  ask=63038.01×8.5387  spread=0.01  levels=9069 bid/4806 ask  synced=True
2026-08-14 18:24:53.786  INFO      lobx.market_data.collector  [BTCUSDT] heartbeat | bid=63051.64×10.3824  ask=63051.65×0.3252  spread=0.01  levels=9120 bid/4769 ask  synced=True
2026-08-14 18:25:23.793  INFO      lobx.market_data.collector  [BTCUSDT] heartbeat | bid=63048.28×7.6455  ask=63048.29×1.9577  spread=0.01  levels=9116 bid/4801 ask  synced=True
2026-08-14 18:25:53.801  INFO      lobx.market_data.collector  [BTCUSDT] heartbeat | bid=63051.73×10.5139  ask=63051.74×2.0653  spread=0.01  levels=9126 bid/4783 ask  synced=True
2026-08-14 18:26:23.816  INFO      lobx.market_data.collector  [BTCUSDT] heartbeat | bid=63069.99×10.7325  ask=63070.00×2.6104  spread=0.01  levels=9181 bid/4741 ask  synced=True
2026-08-14 18:26:53.833  INFO      lobx.market_data.collector  [BTCUSDT] heartbeat | bid=63076.30×7.3095  ask=63076.31×5.6990  spread=0.01  levels=9213 bid/4724 ask  synced=True
2026-08-14 18:27:23.841  INFO      lobx.market_data.collector  [BTCUSDT] heartbeat | bid=63088.20×4.1498  ask=63088.21×11.1139  spread=0.01  levels=9192 bid/4704 ask  synced=True
2026-08-14 18:27:53.845  INFO      lobx.market_data.collector  [BTCUSDT] heartbeat | bid=63072.91×10.9749  ask=63072.92×0.6373  spread=0.01  levels=9167 bid/4779 ask  synced=True
2026-08-14 18:28:23.848  INFO      lobx.market_data.collector  [BTCUSDT] heartbeat | bid=63050.97×1.9087  ask=63050.98×10.9127  spread=0.01  levels=9095 bid/4825 ask  synced=True
2026-08-14 18:28:53.858  INFO      lobx.market_data.collector  [BTCUSDT] heartbeat | bid=63046.01×2.6387  ask=63046.02×7.1682  spread=0.01  levels=9098 bid/4835 ask  synced=True
2026-08-14 18:29:23.869  INFO      lobx.market_data.collector  [BTCUSDT] heartbeat | bid=63038.00×0.2956  ask=63038.01×7.7948  spread=0.01  levels=9085 bid/4823 ask  synced=True
2026-08-14 18:29:53.882  INFO      lobx.market_data.collector  [BTCUSDT] heartbeat | bid=63037.81×3.8673  ask=63037.82×6.5146  spread=0.01  levels=9088 bid/4808 ask  synced=True
2026-08-14 18:30:23.886  INFO      lobx.market_data.collector  [BTCUSDT] heartbeat | bid=63027.07×4.3728  ask=63027.08×5.3731  spread=0.01  levels=9080 bid/4822 ask  synced=True
2026-08-14 18:30:53.903  INFO      lobx.market_data.collector  [BTCUSDT] heartbeat | bid=63039.14×10.6628  ask=63039.15×5.0361  spread=0.01  levels=9113 bid/4805 ask  synced=True
2026-08-14 18:31:23.912  INFO      lobx.market_data.collector  [BTCUSDT] heartbeat | bid=63014.81×5.3100  ask=63014.82×6.8546  spread=0.01  levels=9034 bid/4860 ask  synced=True
2026-08-14 18:31:53.916  INFO      lobx.market_data.collector  [BTCUSDT] heartbeat | bid=63015.99×1.6823  ask=63016.00×5.7209  spread=0.01  levels=9053 bid/4859 ask  synced=True
2026-08-14 18:32:23.932  INFO      lobx.market_data.collector  [BTCUSDT] heartbeat | bid=63008.00×4.4439  ask=63008.01×8.5465  spread=0.01  levels=9045 bid/4866 ask  synced=True
2026-08-14 18:32:53.942  INFO      lobx.market_data.collector  [BTCUSDT] heartbeat | bid=62995.25×8.8366  ask=62995.26×0.0457  spread=0.01  levels=9001 bid/4864 ask  synced=True
2026-08-14 18:33:23.948  INFO      lobx.market_data.collector  [BTCUSDT] heartbeat | bid=62993.63×7.4657  ask=62993.64×6.0330  spread=0.01  levels=9015 bid/4867 ask  synced=True
2026-08-14 18:33:53.953  INFO      lobx.market_data.collector  [BTCUSDT] heartbeat | bid=62977.89×4.9514  ask=62977.90×0.6418  spread=0.01  levels=8979 bid/4899 ask  synced=True
2026-08-14 18:34:23.969  INFO      lobx.market_data.collector  [BTCUSDT] heartbeat | bid=62953.34×5.8375  ask=62953.35×1.4729  spread=0.01  levels=8944 bid/4924 ask  synced=True
2026-08-14 18:34:53.978  INFO      lobx.market_data.collector  [BTCUSDT] heartbeat | bid=62955.99×9.2649  ask=62956.00×0.7518  spread=0.01  levels=8963 bid/4905 ask  synced=True
2026-08-14 18:35:23.992  INFO      lobx.market_data.collector  [BTCUSDT] heartbeat | bid=62969.55×4.4648  ask=62969.56×0.8068  spread=0.01  levels=9005 bid/4883 ask  synced=True
2026-08-14 18:35:53.997  INFO      lobx.market_data.collector  [BTCUSDT] heartbeat | bid=62969.55×3.6281  ask=62969.56×4.7736  spread=0.01  levels=9019 bid/4883 ask  synced=True
2026-08-14 18:36:24.002  INFO      lobx.market_data.collector  [BTCUSDT] heartbeat | bid=62971.99×10.1632  ask=62972.00×0.1410  spread=0.01  levels=9033 bid/4869 ask  synced=True
2026-08-14 18:36:54.020  INFO      lobx.market_data.collector  [BTCUSDT] heartbeat | bid=62979.99×8.7678  ask=62980.00×0.0380  spread=0.01  levels=9056 bid/4860 ask  synced=True
2026-08-14 18:37:24.022  INFO      lobx.market_data.collector  [BTCUSDT] heartbeat | bid=62974.10×3.9542  ask=62974.11×7.3263  spread=0.01  levels=9057 bid/4891 ask  synced=True
2026-08-14 18:37:54.032  INFO      lobx.market_data.collector  [BTCUSDT] heartbeat | bid=62983.87×9.8374  ask=62983.88×1.5116  spread=0.01  levels=9080 bid/4877 ask  synced=True
2026-08-14 18:38:24.045  INFO      lobx.market_data.collector  [BTCUSDT] heartbeat | bid=62985.99×4.6124  ask=62986.00×4.6351  spread=0.01  levels=9064 bid/4864 ask  synced=True
2026-08-14 18:38:54.052  INFO      lobx.market_data.collector  [BTCUSDT] heartbeat | bid=63004.49×9.2746  ask=63004.50×0.8311  spread=0.01  levels=9104 bid/4840 ask  synced=True
2026-08-14 18:39:24.063  INFO      lobx.market_data.collector  [BTCUSDT] heartbeat | bid=63004.49×4.8242  ask=63004.50×0.1551  spread=0.01  levels=9102 bid/4821 ask  synced=True
2026-08-14 18:39:54.070  INFO      lobx.market_data.collector  [BTCUSDT] heartbeat | bid=63006.00×0.2148  ask=63006.01×11.3975  spread=0.01  levels=9094 bid/4819 ask  synced=True
2026-08-14 18:40:24.080  INFO      lobx.market_data.collector  [BTCUSDT] heartbeat | bid=63009.23×2.6338  ask=63009.24×6.6360  spread=0.01  levels=9101 bid/4830 ask  synced=True
2026-08-14 18:40:54.084  INFO      lobx.market_data.collector  [BTCUSDT] heartbeat | bid=63021.03×3.0576  ask=63021.04×9.3184  spread=0.01  levels=9139 bid/4810 ask  synced=True
2026-08-14 18:41:24.100  INFO      lobx.market_data.collector  [BTCUSDT] heartbeat | bid=63021.85×9.4850  ask=63021.86×3.7832  spread=0.01  levels=9149 bid/4823 ask  synced=True
2026-08-14 18:41:54.109  INFO      lobx.market_data.collector  [BTCUSDT] heartbeat | bid=63016.69×11.2112  ask=63016.70×3.6050  spread=0.01  levels=9138 bid/4835 ask  synced=True
2026-08-14 18:42:24.122  INFO      lobx.market_data.collector  [BTCUSDT] heartbeat | bid=62982.00×5.8255  ask=62982.01×4.6064  spread=0.01  levels=9035 bid/4862 ask  synced=True
2026-08-14 18:42:54.131  INFO      lobx.market_data.collector  [BTCUSDT] heartbeat | bid=62984.52×14.8647  ask=62984.53×0.4434  spread=0.01  levels=9048 bid/4865 ask  synced=True
2026-08-14 18:43:24.142  INFO      lobx.market_data.collector  [BTCUSDT] heartbeat | bid=62986.00×5.5126  ask=62986.01×6.3388  spread=0.01  levels=9064 bid/4870 ask  synced=True
2026-08-14 18:43:54.149  INFO      lobx.market_data.collector  [BTCUSDT] heartbeat | bid=62972.00×4.5043  ask=62972.01×8.5001  spread=0.01  levels=9019 bid/4903 ask  synced=True
2026-08-14 18:44:24.166  INFO      lobx.market_data.collector  [BTCUSDT] heartbeat | bid=62972.00×5.1342  ask=62972.01×4.3217  spread=0.01  levels=9022 bid/4875 ask  synced=True
2026-08-14 18:44:54.174  INFO      lobx.market_data.collector  [BTCUSDT] heartbeat | bid=62972.01×5.1225  ask=62972.02×5.2290  spread=0.01  levels=9058 bid/4912 ask  synced=True
2026-08-14 18:45:24.189  INFO      lobx.market_data.collector  [BTCUSDT] heartbeat | bid=62974.52×5.8875  ask=62974.53×5.8184  spread=0.01  levels=9073 bid/4895 ask  synced=True
2026-08-14 18:45:54.192  INFO      lobx.market_data.collector  [BTCUSDT] heartbeat | bid=62974.52×1.6755  ask=62974.53×5.5955  spread=0.01  levels=9070 bid/4878 ask  synced=True
2026-08-14 18:46:24.202  INFO      lobx.market_data.collector  [BTCUSDT] heartbeat | bid=62960.00×4.3098  ask=62960.01×13.5716  spread=0.01  levels=9036 bid/4913 ask  synced=True
2026-08-14 18:46:54.205  INFO      lobx.market_data.collector  [BTCUSDT] heartbeat | bid=62945.56×4.2131  ask=62945.57×10.9595  spread=0.01  levels=8952 bid/4932 ask  synced=True
2026-08-14 18:47:24.220  INFO      lobx.market_data.collector  [BTCUSDT] heartbeat | bid=62936.86×0.0779  ask=62936.87×9.8689  spread=0.01  levels=8905 bid/4988 ask  synced=True
2026-08-14 18:47:54.225  INFO      lobx.market_data.collector  [BTCUSDT] heartbeat | bid=62914.05×3.3544  ask=62914.06×6.8623  spread=0.01  levels=8824 bid/5069 ask  synced=True
2026-08-14 18:48:24.237  INFO      lobx.market_data.collector  [BTCUSDT] heartbeat | bid=62907.63×0.1276  ask=62907.64×9.9825  spread=0.01  levels=8794 bid/5122 ask  synced=True
2026-08-14 18:48:54.244  INFO      lobx.market_data.collector  [BTCUSDT] heartbeat | bid=62894.85×2.4987  ask=62894.86×7.8085  spread=0.01  levels=8730 bid/5126 ask  synced=True
2026-08-14 18:49:24.256  INFO      lobx.market_data.collector  [BTCUSDT] heartbeat | bid=62895.79×5.0536  ask=62895.80×10.0351  spread=0.01  levels=8729 bid/5142 ask  synced=True
2026-08-14 18:49:54.262  INFO      lobx.market_data.collector  [BTCUSDT] heartbeat | bid=62895.79×5.8407  ask=62895.80×2.8080  spread=0.01  levels=8757 bid/5163 ask  synced=True
2026-08-14 18:50:24.273  INFO      lobx.market_data.collector  [BTCUSDT] heartbeat | bid=62899.99×14.6709  ask=62900.00×0.3240  spread=0.01  levels=8773 bid/5141 ask  synced=True
2026-08-14 18:50:54.279  INFO      lobx.market_data.collector  [BTCUSDT] heartbeat | bid=62911.32×0.4458  ask=62911.33×11.2499  spread=0.01  levels=8819 bid/5142 ask  synced=True
2026-08-14 18:51:24.290  INFO      lobx.market_data.collector  [BTCUSDT] heartbeat | bid=62911.32×9.1435  ask=62911.33×4.7144  spread=0.01  levels=8832 bid/5153 ask  synced=True
2026-08-14 18:51:54.301  INFO      lobx.market_data.collector  [BTCUSDT] heartbeat | bid=62911.32×9.2302  ask=62911.33×4.3094  spread=0.01  levels=8833 bid/5146 ask  synced=True
2026-08-14 18:52:24.315  INFO      lobx.market_data.collector  [BTCUSDT] heartbeat | bid=62911.32×5.6120  ask=62911.33×5.6759  spread=0.01  levels=8830 bid/5155 ask  synced=True
2026-08-14 18:52:54.327  INFO      lobx.market_data.collector  [BTCUSDT] heartbeat | bid=62931.08×0.5879  ask=62931.09×5.9615  spread=0.01  levels=8880 bid/5110 ask  synced=True
2026-08-14 18:53:24.339  INFO      lobx.market_data.collector  [BTCUSDT] heartbeat | bid=62930.63×14.1072  ask=62930.64×0.4881  spread=0.01  levels=8884 bid/5124 ask  synced=True
2026-08-14 18:53:54.353  INFO      lobx.market_data.collector  [BTCUSDT] heartbeat | bid=62920.00×5.2887  ask=62920.01×10.4868  spread=0.01  levels=8854 bid/5147 ask  synced=True
2026-08-14 18:54:24.369  INFO      lobx.market_data.collector  [BTCUSDT] heartbeat | bid=62920.90×14.8831  ask=62920.91×1.4841  spread=0.01  levels=8865 bid/5141 ask  synced=True
2026-08-14 18:54:54.379  INFO      lobx.market_data.collector  [BTCUSDT] heartbeat | bid=62920.90×11.9061  ask=62920.91×2.8415  spread=0.01  levels=8872 bid/5141 ask  synced=True
2026-08-14 18:55:24.385  INFO      lobx.market_data.collector  [BTCUSDT] heartbeat | bid=62921.88×0.5717  ask=62921.89×8.1227  spread=0.01  levels=8870 bid/5141 ask  synced=True
2026-08-14 18:55:54.391  INFO      lobx.market_data.collector  [BTCUSDT] heartbeat | bid=62921.88×6.2570  ask=62921.89×1.2769  spread=0.01  levels=8865 bid/5147 ask  synced=True
2026-08-14 18:56:24.396  INFO      lobx.market_data.collector  [BTCUSDT] heartbeat | bid=62928.83×13.6043  ask=62928.84×0.5600  spread=0.01  levels=8897 bid/5133 ask  synced=True
2026-08-14 18:56:54.409  INFO      lobx.market_data.collector  [BTCUSDT] heartbeat | bid=62929.99×14.8362  ask=62930.00×0.3755  spread=0.01  levels=8898 bid/5133 ask  synced=True
2026-08-14 18:57:24.411  INFO      lobx.market_data.collector  [BTCUSDT] heartbeat | bid=62920.00×3.3363  ask=62920.01×12.0782  spread=0.01  levels=8865 bid/5168 ask  synced=True
2026-08-14 18:57:54.416  INFO      lobx.market_data.collector  [BTCUSDT] heartbeat | bid=62920.00×8.0678  ask=62920.01×11.9705  spread=0.01  levels=8854 bid/5169 ask  synced=True
2026-08-14 18:58:24.432  INFO      lobx.market_data.collector  [BTCUSDT] heartbeat | bid=62917.78×13.3269  ask=62917.79×0.7613  spread=0.01  levels=8840 bid/5153 ask  synced=True
2026-08-14 18:58:54.436  INFO      lobx.market_data.collector  [BTCUSDT] heartbeat | bid=62930.00×11.9621  ask=62930.01×7.2437  spread=0.01  levels=8880 bid/5127 ask  synced=True
2026-08-14 18:59:24.441  INFO      lobx.market_data.collector  [BTCUSDT] heartbeat | bid=62930.00×38.4509  ask=62930.01×2.4045  spread=0.01  levels=8885 bid/5152 ask  synced=True
2026-08-14 18:59:54.447  INFO      lobx.market_data.collector  [BTCUSDT] heartbeat | bid=62930.00×11.6980  ask=62930.01×3.7726  spread=0.01  levels=8873 bid/5141 ask  synced=True
2026-08-14 19:00:24.455  INFO      lobx.market_data.collector  [BTCUSDT] heartbeat | bid=62920.55×2.5454  ask=62920.56×8.3561  spread=0.01  levels=8826 bid/5157 ask  synced=True
2026-08-14 19:00:54.467  INFO      lobx.market_data.collector  [BTCUSDT] heartbeat | bid=62888.00×3.4630  ask=62888.01×12.4666  spread=0.01  levels=8744 bid/5231 ask  synced=True
2026-08-14 19:01:24.479  INFO      lobx.market_data.collector  [BTCUSDT] heartbeat | bid=62921.52×7.3527  ask=62921.53×5.7029  spread=0.01  levels=8817 bid/5235 ask  synced=True
2026-08-14 19:01:54.489  INFO      lobx.market_data.collector  [BTCUSDT] heartbeat | bid=62911.04×5.4843  ask=62911.05×3.7631  spread=0.01  levels=8784 bid/5215 ask  synced=True
2026-08-14 19:02:24.505  INFO      lobx.market_data.collector  [BTCUSDT] heartbeat | bid=62902.00×1.6670  ask=62902.01×13.5839  spread=0.01  levels=8784 bid/5255 ask  synced=True
2026-08-14 19:02:54.512  INFO      lobx.market_data.collector  [BTCUSDT] heartbeat | bid=62902.37×15.0074  ask=62902.38×0.1462  spread=0.01  levels=8772 bid/5270 ask  synced=True
2026-08-14 19:03:24.515  INFO      lobx.market_data.collector  [BTCUSDT] heartbeat | bid=62907.41×9.0752  ask=62907.42×4.6766  spread=0.01  levels=8811 bid/5278 ask  synced=True
2026-08-14 19:03:54.519  INFO      lobx.market_data.collector  [BTCUSDT] heartbeat | bid=62894.58×0.0776  ask=62894.59×6.1541  spread=0.01  levels=8763 bid/5278 ask  synced=True
2026-08-14 19:04:24.529  INFO      lobx.market_data.collector  [BTCUSDT] heartbeat | bid=62870.00×2.9048  ask=62870.01×9.1868  spread=0.01  levels=8697 bid/5372 ask  synced=True
2026-08-14 19:04:54.538  INFO      lobx.market_data.collector  [BTCUSDT] heartbeat | bid=62873.78×15.7548  ask=62873.79×3.4825  spread=0.01  levels=8728 bid/5340 ask  synced=True
2026-08-14 19:05:24.545  INFO      lobx.market_data.collector  [BTCUSDT] heartbeat | bid=62879.99×4.1596  ask=62880.00×5.9053  spread=0.01  levels=8757 bid/5323 ask  synced=True
2026-08-14 19:05:54.553  INFO      lobx.market_data.collector  [BTCUSDT] heartbeat | bid=62879.99×5.4265  ask=62880.00×2.9276  spread=0.01  levels=8765 bid/5319 ask  synced=True
2026-08-14 19:06:24.557  INFO      lobx.market_data.collector  [BTCUSDT] heartbeat | bid=62869.05×0.2823  ask=62869.06×16.5645  spread=0.01  levels=8705 bid/5372 ask  synced=True
2026-08-14 19:06:54.575  INFO      lobx.market_data.collector  [BTCUSDT] heartbeat | bid=62861.40×3.1965  ask=62861.41×13.6564  spread=0.01  levels=8689 bid/5390 ask  synced=True
2026-08-14 19:07:24.589  INFO      lobx.market_data.collector  [BTCUSDT] heartbeat | bid=62861.40×4.0641  ask=62861.41×12.2777  spread=0.01  levels=8704 bid/5401 ask  synced=True
2026-08-14 19:07:54.596  INFO      lobx.market_data.collector  [BTCUSDT] heartbeat | bid=62858.00×0.0309  ask=62858.01×11.3977  spread=0.01  levels=8693 bid/5422 ask  synced=True
2026-08-14 19:08:24.604  INFO      lobx.market_data.collector  [BTCUSDT] heartbeat | bid=62852.34×9.2843  ask=62852.35×2.8956  spread=0.01  levels=8692 bid/5430 ask  synced=True
2026-08-14 19:08:54.617  INFO      lobx.market_data.collector  [BTCUSDT] heartbeat | bid=62879.84×8.9216  ask=62879.85×4.4862  spread=0.01  levels=8774 bid/5330 ask  synced=True
2026-08-14 19:09:24.630  INFO      lobx.market_data.collector  [BTCUSDT] heartbeat | bid=62887.73×16.7478  ask=62887.74×0.3653  spread=0.01  levels=8807 bid/5321 ask  synced=True
2026-08-14 19:09:54.648  INFO      lobx.market_data.collector  [BTCUSDT] heartbeat | bid=62893.99×5.7767  ask=62894.00×3.5571  spread=0.01  levels=8826 bid/5318 ask  synced=True
2026-08-14 19:10:24.652  INFO      lobx.market_data.collector  [BTCUSDT] heartbeat | bid=62893.99×2.6626  ask=62894.00×5.7264  spread=0.01  levels=8826 bid/5322 ask  synced=True
2026-08-14 19:10:54.667  INFO      lobx.market_data.collector  [BTCUSDT] heartbeat | bid=62872.00×4.0141  ask=62872.01×11.2004  spread=0.01  levels=8753 bid/5374 ask  synced=True
2026-08-14 19:11:24.675  INFO      lobx.market_data.collector  [BTCUSDT] heartbeat | bid=62858.01×1.6058  ask=62858.02×14.0709  spread=0.01  levels=8710 bid/5386 ask  synced=True
2026-08-14 19:11:54.688  INFO      lobx.market_data.collector  [BTCUSDT] heartbeat | bid=62856.74×6.9927  ask=62856.75×1.7389  spread=0.01  levels=8719 bid/5392 ask  synced=True
2026-08-14 19:12:24.698  INFO      lobx.market_data.collector  [BTCUSDT] heartbeat | bid=62859.84×0.4013  ask=62859.85×6.3867  spread=0.01  levels=8738 bid/5395 ask  synced=True
2026-08-14 19:12:54.713  INFO      lobx.market_data.collector  [BTCUSDT] heartbeat | bid=62871.08×13.7856  ask=62871.09×3.2387  spread=0.01  levels=8753 bid/5373 ask  synced=True
2026-08-14 19:13:24.719  INFO      lobx.market_data.collector  [BTCUSDT] heartbeat | bid=62865.19×1.7046  ask=62865.20×6.7524  spread=0.01  levels=8766 bid/5405 ask  synced=True
2026-08-14 19:13:54.724  INFO      lobx.market_data.collector  [BTCUSDT] heartbeat | bid=62863.84×14.2721  ask=62863.85×1.6301  spread=0.01  levels=8755 bid/5398 ask  synced=True
2026-08-14 19:14:24.731  INFO      lobx.market_data.collector  [BTCUSDT] heartbeat | bid=62868.54×10.7094  ask=62868.55×5.6745  spread=0.01  levels=8762 bid/5389 ask  synced=True
2026-08-14 19:14:54.743  INFO      lobx.market_data.collector  [BTCUSDT] heartbeat | bid=62859.25×6.5185  ask=62859.26×8.1188  spread=0.01  levels=8734 bid/5410 ask  synced=True
2026-08-14 19:15:24.752  INFO      lobx.market_data.collector  [BTCUSDT] heartbeat | bid=62873.77×10.3883  ask=62873.78×4.6521  spread=0.01  levels=8775 bid/5376 ask  synced=True
2026-08-14 19:15:54.758  INFO      lobx.market_data.collector  [BTCUSDT] heartbeat | bid=62875.04×11.9049  ask=62875.05×5.8250  spread=0.01  levels=8787 bid/5388 ask  synced=True
2026-08-14 19:16:24.764  INFO      lobx.market_data.collector  [BTCUSDT] heartbeat | bid=62850.00×0.3421  ask=62850.01×10.0829  spread=0.01  levels=8726 bid/5447 ask  synced=True
2026-08-14 19:16:54.767  INFO      lobx.market_data.collector  [BTCUSDT] heartbeat | bid=62850.00×8.4617  ask=62850.01×4.2573  spread=0.01  levels=8730 bid/5436 ask  synced=True
2026-08-14 19:17:24.781  INFO      lobx.market_data.collector  [BTCUSDT] heartbeat | bid=62850.00×6.6837  ask=62850.01×5.9428  spread=0.01  levels=8710 bid/5441 ask  synced=True
2026-08-14 19:17:54.784  INFO      lobx.market_data.collector  [BTCUSDT] heartbeat | bid=62850.00×6.8831  ask=62850.01×4.4385  spread=0.01  levels=8719 bid/5442 ask  synced=True
2026-08-14 19:18:24.794  INFO      lobx.market_data.collector  [BTCUSDT] heartbeat | bid=62853.43×10.8115  ask=62853.44×4.7578  spread=0.01  levels=8751 bid/5425 ask  synced=True
2026-08-14 19:18:54.802  INFO      lobx.market_data.collector  [BTCUSDT] heartbeat | bid=62853.99×15.6806  ask=62854.00×3.6850  spread=0.01  levels=8749 bid/5453 ask  synced=True
2026-08-14 19:19:24.819  INFO      lobx.market_data.collector  [BTCUSDT] heartbeat | bid=62853.99×0.1186  ask=62854.00×7.7408  spread=0.01  levels=8758 bid/5443 ask  synced=True
2026-08-14 19:19:54.839  INFO      lobx.market_data.collector  [BTCUSDT] heartbeat | bid=62831.01×12.5576  ask=62831.02×4.2495  spread=0.01  levels=8644 bid/5592 ask  synced=True
2026-08-14 19:20:24.846  INFO      lobx.market_data.collector  [BTCUSDT] heartbeat | bid=62837.63×10.2038  ask=62837.64×6.4884  spread=0.01  levels=8660 bid/5574 ask  synced=True
2026-08-14 19:20:54.852  INFO      lobx.market_data.collector  [BTCUSDT] heartbeat | bid=62837.63×9.3783  ask=62837.64×3.9747  spread=0.01  levels=8651 bid/5575 ask  synced=True
2026-08-14 19:21:24.857  INFO      lobx.market_data.collector  [BTCUSDT] heartbeat | bid=62856.44×14.4232  ask=62856.45×0.0268  spread=0.01  levels=8708 bid/5525 ask  synced=True
2026-08-14 19:21:54.869  INFO      lobx.market_data.collector  [BTCUSDT] heartbeat | bid=62866.46×6.0739  ask=62866.47×6.4222  spread=0.01  levels=8750 bid/5505 ask  synced=True
2026-08-14 19:22:24.873  INFO      lobx.market_data.collector  [BTCUSDT] heartbeat | bid=62886.76×12.8154  ask=62886.77×0.0061  spread=0.01  levels=8776 bid/5492 ask  synced=True
2026-08-14 19:22:54.878  INFO      lobx.market_data.collector  [BTCUSDT] heartbeat | bid=62892.35×14.0001  ask=62892.36×1.8731  spread=0.01  levels=8791 bid/5481 ask  synced=True
2026-08-14 19:23:24.885  INFO      lobx.market_data.collector  [BTCUSDT] heartbeat | bid=62892.00×4.6055  ask=62892.01×7.2115  spread=0.01  levels=8754 bid/5477 ask  synced=True
2026-08-14 19:23:54.900  INFO      lobx.market_data.collector  [BTCUSDT] heartbeat | bid=62886.71×9.1107  ask=62886.72×4.6683  spread=0.01  levels=8780 bid/5514 ask  synced=True
2026-08-14 19:24:24.913  INFO      lobx.market_data.collector  [BTCUSDT] heartbeat | bid=62881.53×6.9442  ask=62881.54×4.6457  spread=0.01  levels=8764 bid/5525 ask  synced=True
2026-08-14 19:24:54.927  INFO      lobx.market_data.collector  [BTCUSDT] heartbeat | bid=62874.54×7.3358  ask=62874.55×5.8071  spread=0.01  levels=8732 bid/5561 ask  synced=True
2026-08-14 19:25:24.938  INFO      lobx.market_data.collector  [BTCUSDT] heartbeat | bid=62877.32×11.7031  ask=62877.33×0.3189  spread=0.01  levels=8797 bid/5568 ask  synced=True
2026-08-14 19:25:54.945  INFO      lobx.market_data.collector  [BTCUSDT] heartbeat | bid=62885.99×7.2297  ask=62886.00×4.0096  spread=0.01  levels=8822 bid/5542 ask  synced=True
2026-08-14 19:26:24.956  INFO      lobx.market_data.collector  [BTCUSDT] heartbeat | bid=62884.23×4.6874  ask=62884.24×9.9467  spread=0.01  levels=8825 bid/5534 ask  synced=True
2026-08-14 19:26:54.973  INFO      lobx.market_data.collector  [BTCUSDT] heartbeat | bid=62884.23×6.1300  ask=62884.24×6.9795  spread=0.01  levels=8821 bid/5538 ask  synced=True
2026-08-14 19:27:24.981  INFO      lobx.market_data.collector  [BTCUSDT] heartbeat | bid=62893.59×11.3687  ask=62893.60×2.3987  spread=0.01  levels=8841 bid/5508 ask  synced=True
2026-08-14 19:27:54.998  INFO      lobx.market_data.collector  [BTCUSDT] heartbeat | bid=62911.58×13.0410  ask=62911.59×0.4643  spread=0.01  levels=8881 bid/5481 ask  synced=True
2026-08-14 19:28:25.006  INFO      lobx.market_data.collector  [BTCUSDT] heartbeat | bid=62925.84×6.1230  ask=62925.85×4.9004  spread=0.01  levels=8928 bid/5470 ask  synced=True
2026-08-14 19:28:55.015  INFO      lobx.market_data.collector  [BTCUSDT] heartbeat | bid=62936.48×11.6612  ask=62936.49×0.9359  spread=0.01  levels=8950 bid/5457 ask  synced=True
2026-08-14 19:29:25.024  INFO      lobx.market_data.collector  [BTCUSDT] heartbeat | bid=62935.21×3.2396  ask=62935.22×13.0773  spread=0.01  levels=8946 bid/5462 ask  synced=True
2026-08-14 19:29:55.035  INFO      lobx.market_data.collector  [BTCUSDT] heartbeat | bid=62929.09×10.9118  ask=62929.10×0.5349  spread=0.01  levels=8928 bid/5499 ask  synced=True
2026-08-14 19:30:25.040  INFO      lobx.market_data.collector  [BTCUSDT] heartbeat | bid=62898.34×4.5690  ask=62898.35×7.2692  spread=0.01  levels=8833 bid/5555 ask  synced=True
2026-08-14 19:30:55.055  INFO      lobx.market_data.collector  [BTCUSDT] heartbeat | bid=62898.00×5.8519  ask=62898.01×5.2516  spread=0.01  levels=8842 bid/5550 ask  synced=True
2026-08-14 19:31:25.064  INFO      lobx.market_data.collector  [BTCUSDT] heartbeat | bid=62891.99×12.0096  ask=62892.00×0.4331  spread=0.01  levels=8822 bid/5565 ask  synced=True
2026-08-14 19:31:55.066  INFO      lobx.market_data.collector  [BTCUSDT] heartbeat | bid=62888.91×3.9709  ask=62888.92×10.2070  spread=0.01  levels=8810 bid/5553 ask  synced=True
2026-08-14 19:32:25.073  INFO      lobx.market_data.collector  [BTCUSDT] heartbeat | bid=62897.99×14.4916  ask=62898.00×0.0231  spread=0.01  levels=8853 bid/5544 ask  synced=True
2026-08-14 19:32:55.077  INFO      lobx.market_data.collector  [BTCUSDT] heartbeat | bid=62920.56×1.4786  ask=62920.57×12.7433  spread=0.01  levels=8928 bid/5480 ask  synced=True
2026-08-14 19:33:25.094  INFO      lobx.market_data.collector  [BTCUSDT] heartbeat | bid=62913.89×10.0833  ask=62913.90×1.3339  spread=0.01  levels=8893 bid/5540 ask  synced=True
2026-08-14 19:33:55.106  INFO      lobx.market_data.collector  [BTCUSDT] heartbeat | bid=62904.19×4.5002  ask=62904.20×7.2770  spread=0.01  levels=8875 bid/5559 ask  synced=True
2026-08-14 19:34:25.113  INFO      lobx.market_data.collector  [BTCUSDT] heartbeat | bid=62905.47×11.2307  ask=62905.48×0.5714  spread=0.01  levels=8890 bid/5560 ask  synced=True
2026-08-14 19:34:55.122  INFO      lobx.market_data.collector  [BTCUSDT] heartbeat | bid=62913.89×13.8147  ask=62913.90×0.5679  spread=0.01  levels=8910 bid/5538 ask  synced=True
2026-08-14 19:35:25.133  INFO      lobx.market_data.collector  [BTCUSDT] heartbeat | bid=62921.99×11.4155  ask=62922.00×0.3389  spread=0.01  levels=8937 bid/5520 ask  synced=True
2026-08-14 19:35:55.141  INFO      lobx.market_data.collector  [BTCUSDT] heartbeat | bid=62925.99×10.8230  ask=62926.00×0.8910  spread=0.01  levels=8953 bid/5528 ask  synced=True
2026-08-14 19:36:25.149  INFO      lobx.market_data.collector  [BTCUSDT] heartbeat | bid=62931.74×4.8886  ask=62931.75×0.7591  spread=0.01  levels=8969 bid/5499 ask  synced=True
2026-08-14 19:36:55.168  INFO      lobx.market_data.collector  [BTCUSDT] heartbeat | bid=62935.76×10.1361  ask=62935.77×5.7022  spread=0.01  levels=8974 bid/5500 ask  synced=True
2026-08-14 19:37:25.177  INFO      lobx.market_data.collector  [BTCUSDT] heartbeat | bid=62944.05×0.0858  ask=62944.06×9.9453  spread=0.01  levels=8948 bid/5530 ask  synced=True
2026-08-14 19:37:55.191  INFO      lobx.market_data.collector  [BTCUSDT] heartbeat | bid=62938.39×5.2987  ask=62938.40×1.7725  spread=0.01  levels=8963 bid/5534 ask  synced=True
2026-08-14 19:38:25.202  INFO      lobx.market_data.collector  [BTCUSDT] heartbeat | bid=62941.36×5.5604  ask=62941.37×5.9737  spread=0.01  levels=8977 bid/5504 ask  synced=True
2026-08-14 19:38:55.210  INFO      lobx.market_data.collector  [BTCUSDT] heartbeat | bid=62937.44×3.1298  ask=62937.45×9.6820  spread=0.01  levels=8940 bid/5518 ask  synced=True
2026-08-14 19:39:25.216  INFO      lobx.market_data.collector  [BTCUSDT] heartbeat | bid=62940.01×3.9734  ask=62940.02×9.6255  spread=0.01  levels=8945 bid/5525 ask  synced=True
2026-08-14 19:39:55.220  INFO      lobx.market_data.collector  [BTCUSDT] heartbeat | bid=62934.03×3.4565  ask=62934.04×10.8003  spread=0.01  levels=8933 bid/5548 ask  synced=True
2026-08-14 19:40:25.228  INFO      lobx.market_data.collector  [BTCUSDT] heartbeat | bid=62922.00×5.8302  ask=62922.01×6.1710  spread=0.01  levels=8902 bid/5611 ask  synced=True
2026-08-14 19:40:55.239  INFO      lobx.market_data.collector  [BTCUSDT] heartbeat | bid=62940.78×14.3873  ask=62940.79×0.5959  spread=0.01  levels=8971 bid/5530 ask  synced=True
2026-08-14 19:41:25.243  INFO      lobx.market_data.collector  [BTCUSDT] heartbeat | bid=62958.90×15.5502  ask=62958.91×0.3097  spread=0.01  levels=9007 bid/5457 ask  synced=True
2026-08-14 19:41:55.247  INFO      lobx.market_data.collector  [BTCUSDT] heartbeat | bid=62971.99×4.0906  ask=62972.00×4.3434  spread=0.01  levels=9002 bid/5468 ask  synced=True
2026-08-14 19:42:25.256  INFO      lobx.market_data.collector  [BTCUSDT] heartbeat | bid=62973.99×6.0548  ask=62974.00×2.3939  spread=0.01  levels=9007 bid/5462 ask  synced=True
2026-08-14 19:42:55.264  INFO      lobx.market_data.collector  [BTCUSDT] heartbeat | bid=62973.99×6.5571  ask=62974.00×0.4634  spread=0.01  levels=9007 bid/5476 ask  synced=True
2026-08-14 19:43:25.276  INFO      lobx.market_data.collector  [BTCUSDT] heartbeat | bid=62973.99×6.3194  ask=62974.00×0.3209  spread=0.01  levels=9013 bid/5479 ask  synced=True
2026-08-14 19:43:55.293  INFO      lobx.market_data.collector  [BTCUSDT] heartbeat | bid=62979.99×10.1694  ask=62980.00×0.9516  spread=0.01  levels=9006 bid/5458 ask  synced=True
2026-08-14 19:44:25.308  INFO      lobx.market_data.collector  [BTCUSDT] heartbeat | bid=62978.00×2.6412  ask=62978.01×11.4557  spread=0.01  levels=9028 bid/5468 ask  synced=True
2026-08-14 19:44:55.311  INFO      lobx.market_data.collector  [BTCUSDT] heartbeat | bid=62979.99×7.6721  ask=62980.00×0.2612  spread=0.01  levels=9037 bid/5466 ask  synced=True
2026-08-14 19:45:25.322  INFO      lobx.market_data.collector  [BTCUSDT] heartbeat | bid=62986.04×4.4490  ask=62986.05×2.2785  spread=0.01  levels=9026 bid/5496 ask  synced=True
2026-08-14 19:45:55.334  INFO      lobx.market_data.collector  [BTCUSDT] heartbeat | bid=62990.00×0.1142  ask=62990.01×8.6377  spread=0.01  levels=8977 bid/5473 ask  synced=True
2026-08-14 19:46:25.350  INFO      lobx.market_data.collector  [BTCUSDT] heartbeat | bid=62982.28×2.5822  ask=62982.29×11.8095  spread=0.01  levels=9011 bid/5509 ask  synced=True
2026-08-14 19:46:55.357  INFO      lobx.market_data.collector  [BTCUSDT] heartbeat | bid=62950.00×2.9601  ask=62950.01×4.7924  spread=0.01  levels=8921 bid/5571 ask  synced=True
2026-08-14 19:47:25.370  INFO      lobx.market_data.collector  [BTCUSDT] heartbeat | bid=62951.53×12.3322  ask=62951.54×0.0334  spread=0.01  levels=8948 bid/5546 ask  synced=True
2026-08-14 19:47:55.385  INFO      lobx.market_data.collector  [BTCUSDT] heartbeat | bid=62952.51×10.2795  ask=62952.52×2.3202  spread=0.01  levels=8981 bid/5556 ask  synced=True
2026-08-14 19:48:25.393  INFO      lobx.market_data.collector  [BTCUSDT] heartbeat | bid=62955.99×8.4119  ask=62956.00×4.2462  spread=0.01  levels=8988 bid/5536 ask  synced=True
2026-08-14 19:48:55.397  INFO      lobx.market_data.collector  [BTCUSDT] heartbeat | bid=62958.68×3.9648  ask=62958.69×9.6896  spread=0.01  levels=8956 bid/5526 ask  synced=True
2026-08-14 19:49:25.408  INFO      lobx.market_data.collector  [BTCUSDT] heartbeat | bid=62955.09×4.6399  ask=62955.10×3.6914  spread=0.01  levels=8958 bid/5567 ask  synced=True
2026-08-14 19:49:55.424  INFO      lobx.market_data.collector  [BTCUSDT] heartbeat | bid=62954.73×4.5024  ask=62954.74×6.0974  spread=0.01  levels=8961 bid/5586 ask  synced=True
2026-08-14 19:50:25.428  INFO      lobx.market_data.collector  [BTCUSDT] heartbeat | bid=62956.58×10.1287  ask=62956.59×5.7192  spread=0.01  levels=8968 bid/5575 ask  synced=True
2026-08-14 19:50:55.433  INFO      lobx.market_data.collector  [BTCUSDT] heartbeat | bid=62963.93×5.3776  ask=62963.94×5.5706  spread=0.01  levels=9003 bid/5564 ask  synced=True
2026-08-14 19:51:25.438  INFO      lobx.market_data.collector  [BTCUSDT] heartbeat | bid=62961.89×0.1111  ask=62961.90×11.7676  spread=0.01  levels=8983 bid/5565 ask  synced=True
2026-08-14 19:51:55.449  INFO      lobx.market_data.collector  [BTCUSDT] heartbeat | bid=62954.00×5.0246  ask=62954.01×8.0900  spread=0.01  levels=8959 bid/5596 ask  synced=True
2026-08-14 19:52:25.453  INFO      lobx.market_data.collector  [BTCUSDT] heartbeat | bid=62960.16×9.4446  ask=62960.17×0.9221  spread=0.01  levels=8974 bid/5582 ask  synced=True
2026-08-14 19:52:55.463  INFO      lobx.market_data.collector  [BTCUSDT] heartbeat | bid=62956.34×5.1705  ask=62956.35×9.6867  spread=0.01  levels=8962 bid/5584 ask  synced=True
2026-08-14 19:53:25.467  INFO      lobx.market_data.collector  [BTCUSDT] heartbeat | bid=62960.91×7.5154  ask=62960.92×5.3609  spread=0.01  levels=8988 bid/5584 ask  synced=True
2026-08-14 19:53:55.479  INFO      lobx.market_data.collector  [BTCUSDT] heartbeat | bid=62960.91×3.3567  ask=62960.92×6.4059  spread=0.01  levels=8977 bid/5572 ask  synced=True
2026-08-14 19:54:25.492  INFO      lobx.market_data.collector  [BTCUSDT] heartbeat | bid=62973.81×8.5051  ask=62973.82×4.6406  spread=0.01  levels=9005 bid/5546 ask  synced=True
2026-08-14 19:54:55.508  INFO      lobx.market_data.collector  [BTCUSDT] heartbeat | bid=62973.81×7.0904  ask=62973.82×2.6174  spread=0.01  levels=9018 bid/5533 ask  synced=True
2026-08-14 19:55:25.513  INFO      lobx.market_data.collector  [BTCUSDT] heartbeat | bid=62973.81×4.3531  ask=62973.82×6.3465  spread=0.01  levels=9022 bid/5526 ask  synced=True
2026-08-14 19:55:55.523  INFO      lobx.market_data.collector  [BTCUSDT] heartbeat | bid=62971.54×12.2188  ask=62971.55×2.2026  spread=0.01  levels=9015 bid/5545 ask  synced=True
2026-08-14 19:56:25.525  INFO      lobx.market_data.collector  [BTCUSDT] heartbeat | bid=62972.38×2.1501  ask=62972.39×7.1419  spread=0.01  levels=9027 bid/5549 ask  synced=True
2026-08-14 19:56:55.529  INFO      lobx.market_data.collector  [BTCUSDT] heartbeat | bid=62962.35×4.2548  ask=62962.36×6.0373  spread=0.01  levels=8986 bid/5579 ask  synced=True
2026-08-14 19:57:25.535  INFO      lobx.market_data.collector  [BTCUSDT] heartbeat | bid=62965.99×8.3932  ask=62966.00×0.4543  spread=0.01  levels=8999 bid/5566 ask  synced=True
2026-08-14 19:57:55.540  INFO      lobx.market_data.collector  [BTCUSDT] heartbeat | bid=62963.27×6.2401  ask=62963.28×2.3697  spread=0.01  levels=9007 bid/5572 ask  synced=True
2026-08-14 19:58:25.548  INFO      lobx.market_data.collector  [BTCUSDT] heartbeat | bid=62954.00×3.4581  ask=62954.01×9.5775  spread=0.01  levels=8970 bid/5576 ask  synced=True
2026-08-14 19:58:55.556  INFO      lobx.market_data.collector  [BTCUSDT] heartbeat | bid=62944.59×5.8345  ask=62944.60×6.2767  spread=0.01  levels=8958 bid/5602 ask  synced=True
2026-08-14 19:59:25.560  INFO      lobx.market_data.collector  [BTCUSDT] heartbeat | bid=62946.19×6.0722  ask=62946.20×1.6223  spread=0.01  levels=8964 bid/5594 ask  synced=True
2026-08-14 19:59:55.574  INFO      lobx.market_data.collector  [BTCUSDT] heartbeat | bid=62962.65×10.6538  ask=62962.66×0.1520  spread=0.01  levels=8989 bid/5538 ask  synced=True
2026-08-14 20:00:25.583  INFO      lobx.market_data.collector  [BTCUSDT] heartbeat | bid=62972.00×6.1305  ask=62972.01×0.5838  spread=0.01  levels=9023 bid/5540 ask  synced=True
2026-08-14 20:00:55.596  INFO      lobx.market_data.collector  [BTCUSDT] heartbeat | bid=62964.78×3.1428  ask=62964.79×7.1652  spread=0.01  levels=8977 bid/5574 ask  synced=True
2026-08-14 20:01:25.610  INFO      lobx.market_data.collector  [BTCUSDT] heartbeat | bid=62979.43×10.2326  ask=62979.44×0.9316  spread=0.01  levels=9021 bid/5517 ask  synced=True
2026-08-14 20:01:55.613  INFO      lobx.market_data.collector  [BTCUSDT] heartbeat | bid=62995.73×10.2884  ask=62995.74×0.6919  spread=0.01  levels=9044 bid/5470 ask  synced=True
2026-08-14 20:02:25.627  INFO      lobx.market_data.collector  [BTCUSDT] heartbeat | bid=62996.00×0.1618  ask=62996.01×13.7137  spread=0.01  levels=9042 bid/5492 ask  synced=True
2026-08-14 20:02:55.644  INFO      lobx.market_data.collector  [BTCUSDT] heartbeat | bid=63002.48×0.1382  ask=63002.49×10.5922  spread=0.01  levels=9087 bid/5481 ask  synced=True
2026-08-14 20:03:25.656  INFO      lobx.market_data.collector  [BTCUSDT] heartbeat | bid=62987.72×2.4508  ask=62987.73×8.6073  spread=0.01  levels=9034 bid/5541 ask  synced=True
2026-08-14 20:03:55.659  INFO      lobx.market_data.collector  [BTCUSDT] heartbeat | bid=62987.72×3.9595  ask=62987.73×2.8552  spread=0.01  levels=9046 bid/5550 ask  synced=True
2026-08-14 20:04:25.669  INFO      lobx.market_data.collector  [BTCUSDT] heartbeat | bid=63003.49×9.9567  ask=63003.50×0.5691  spread=0.01  levels=9081 bid/5508 ask  synced=True
2026-08-14 20:04:55.680  INFO      lobx.market_data.collector  [BTCUSDT] heartbeat | bid=63005.99×10.4564  ask=63006.00×0.3466  spread=0.01  levels=9096 bid/5500 ask  synced=True
2026-08-14 20:05:25.688  INFO      lobx.market_data.collector  [BTCUSDT] heartbeat | bid=63012.15×3.3384  ask=63012.16×6.2003  spread=0.01  levels=9101 bid/5511 ask  synced=True
2026-08-14 20:05:55.706  INFO      lobx.market_data.collector  [BTCUSDT] heartbeat | bid=63005.68×4.0026  ask=63005.69×11.8389  spread=0.01  levels=9067 bid/5518 ask  synced=True
2026-08-14 20:06:25.718  INFO      lobx.market_data.collector  [BTCUSDT] heartbeat | bid=63007.99×10.9398  ask=63008.00×0.3239  spread=0.01  levels=9086 bid/5527 ask  synced=True
2026-08-14 20:06:55.729  INFO      lobx.market_data.collector  [BTCUSDT] heartbeat | bid=62987.52×6.6518  ask=62987.53×3.5538  spread=0.01  levels=9038 bid/5567 ask  synced=True
2026-08-14 20:07:25.737  INFO      lobx.market_data.collector  [BTCUSDT] heartbeat | bid=62985.99×4.9908  ask=62986.00×33.2011  spread=0.01  levels=9035 bid/5548 ask  synced=True
2026-08-14 20:07:55.756  INFO      lobx.market_data.collector  [BTCUSDT] heartbeat | bid=62994.87×2.2377  ask=62994.88×5.1819  spread=0.01  levels=9043 bid/5556 ask  synced=True
2026-08-14 20:08:25.769  INFO      lobx.market_data.collector  [BTCUSDT] heartbeat | bid=62994.87×1.9672  ask=62994.88×5.1776  spread=0.01  levels=9059 bid/5554 ask  synced=True
2026-08-14 20:08:55.782  INFO      lobx.market_data.collector  [BTCUSDT] heartbeat | bid=62997.99×12.4116  ask=62998.00×1.8508  spread=0.01  levels=9065 bid/5540 ask  synced=True
2026-08-14 20:09:25.787  INFO      lobx.market_data.collector  [BTCUSDT] heartbeat | bid=63015.72×6.6187  ask=63015.73×3.6997  spread=0.01  levels=9089 bid/5502 ask  synced=True
2026-08-14 20:09:55.796  INFO      lobx.market_data.collector  [BTCUSDT] heartbeat | bid=63020.73×5.6821  ask=63020.74×7.1565  spread=0.01  levels=9107 bid/5487 ask  synced=True
2026-08-14 20:10:25.810  INFO      lobx.market_data.collector  [BTCUSDT] heartbeat | bid=63020.73×9.6467  ask=63020.74×1.1285  spread=0.01  levels=9102 bid/5489 ask  synced=True
2026-08-14 20:10:55.818  INFO      lobx.market_data.collector  [BTCUSDT] heartbeat | bid=63020.73×3.8058  ask=63020.74×5.3314  spread=0.01  levels=9105 bid/5497 ask  synced=True
2026-08-14 20:11:25.830  INFO      lobx.market_data.collector  [BTCUSDT] heartbeat | bid=63008.42×0.1434  ask=63008.43×12.5074  spread=0.01  levels=9058 bid/5525 ask  synced=True
2026-08-14 20:11:55.846  INFO      lobx.market_data.collector  [BTCUSDT] heartbeat | bid=63004.47×1.9427  ask=63004.48×14.2267  spread=0.01  levels=9060 bid/5536 ask  synced=True
2026-08-14 20:12:25.862  INFO      lobx.market_data.collector  [BTCUSDT] heartbeat | bid=63004.47×4.2831  ask=63004.48×7.4502  spread=0.01  levels=9068 bid/5539 ask  synced=True
2026-08-14 20:12:55.871  INFO      lobx.market_data.collector  [BTCUSDT] heartbeat | bid=63004.47×4.6141  ask=63004.48×6.7179  spread=0.01  levels=9067 bid/5545 ask  synced=True
2026-08-14 20:13:25.880  INFO      lobx.market_data.collector  [BTCUSDT] heartbeat | bid=63000.00×5.0981  ask=63000.01×9.2279  spread=0.01  levels=9056 bid/5549 ask  synced=True
2026-08-14 20:13:55.898  INFO      lobx.market_data.collector  [BTCUSDT] heartbeat | bid=62977.87×0.1027  ask=62977.88×6.6792  spread=0.01  levels=9009 bid/5596 ask  synced=True
2026-08-14 20:14:25.908  INFO      lobx.market_data.collector  [BTCUSDT] heartbeat | bid=62974.76×5.6029  ask=62974.77×5.3179  spread=0.01  levels=9010 bid/5613 ask  synced=True
2026-08-14 20:14:55.917  INFO      lobx.market_data.collector  [BTCUSDT] heartbeat | bid=62977.28×10.1666  ask=62977.29×3.7801  spread=0.01  levels=9017 bid/5587 ask  synced=True
2026-08-14 20:15:25.930  INFO      lobx.market_data.collector  [BTCUSDT] heartbeat | bid=62968.00×0.0149  ask=62968.01×15.4726  spread=0.01  levels=8999 bid/5628 ask  synced=True
2026-08-14 20:15:55.942  INFO      lobx.market_data.collector  [BTCUSDT] heartbeat | bid=62952.00×5.0623  ask=62952.01×6.0076  spread=0.01  levels=8983 bid/5639 ask  synced=True
2026-08-14 20:16:25.959  INFO      lobx.market_data.collector  [BTCUSDT] heartbeat | bid=62963.99×9.9101  ask=62964.00×3.9138  spread=0.01  levels=9033 bid/5586 ask  synced=True
2026-08-14 20:16:55.970  INFO      lobx.market_data.collector  [BTCUSDT] heartbeat | bid=62954.00×3.2774  ask=62954.01×11.7152  spread=0.01  levels=8987 bid/5618 ask  synced=True
2026-08-14 20:17:25.989  INFO      lobx.market_data.collector  [BTCUSDT] heartbeat | bid=62940.00×4.9480  ask=62940.01×7.0092  spread=0.01  levels=8964 bid/5660 ask  synced=True
2026-08-14 20:17:56.005  INFO      lobx.market_data.collector  [BTCUSDT] heartbeat | bid=62936.00×1.6807  ask=62936.01×15.2049  spread=0.01  levels=8932 bid/5657 ask  synced=True
2026-08-14 20:18:26.016  INFO      lobx.market_data.collector  [BTCUSDT] heartbeat | bid=62941.77×10.2805  ask=62941.78×0.3331  spread=0.01  levels=8975 bid/5645 ask  synced=True
2026-08-14 20:18:56.025  INFO      lobx.market_data.collector  [BTCUSDT] heartbeat | bid=62938.00×3.1780  ask=62938.01×12.2575  spread=0.01  levels=8983 bid/5660 ask  synced=True
2026-08-14 20:19:26.035  INFO      lobx.market_data.collector  [BTCUSDT] heartbeat | bid=62934.27×9.0360  ask=62934.28×2.3315  spread=0.01  levels=8963 bid/5664 ask  synced=True
2026-08-14 20:19:56.047  INFO      lobx.market_data.collector  [BTCUSDT] heartbeat | bid=62944.03×3.9614  ask=62944.04×5.9918  spread=0.01  levels=8988 bid/5641 ask  synced=True
2026-08-14 20:20:26.053  INFO      lobx.market_data.collector  [BTCUSDT] heartbeat | bid=62950.61×6.1979  ask=62950.62×5.9047  spread=0.01  levels=9015 bid/5630 ask  synced=True
2026-08-14 20:20:56.063  INFO      lobx.market_data.collector  [BTCUSDT] heartbeat | bid=62946.39×4.5338  ask=62946.40×7.9693  spread=0.01  levels=9010 bid/5636 ask  synced=True
2026-08-14 20:21:26.075  INFO      lobx.market_data.collector  [BTCUSDT] heartbeat | bid=62946.39×1.6649  ask=62946.40×12.2632  spread=0.01  levels=8995 bid/5634 ask  synced=True
2026-08-14 20:21:56.082  INFO      lobx.market_data.collector  [BTCUSDT] heartbeat | bid=62944.00×0.1728  ask=62944.01×11.3867  spread=0.01  levels=8996 bid/5643 ask  synced=True
2026-08-14 20:22:26.087  INFO      lobx.market_data.collector  [BTCUSDT] heartbeat | bid=62945.61×5.4566  ask=62945.62×4.3754  spread=0.01  levels=8996 bid/5644 ask  synced=True
2026-08-14 20:22:56.101  INFO      lobx.market_data.collector  [BTCUSDT] heartbeat | bid=62969.72×5.1178  ask=62969.73×6.6821  spread=0.01  levels=9049 bid/5587 ask  synced=True
2026-08-14 20:23:26.115  INFO      lobx.market_data.collector  [BTCUSDT] heartbeat | bid=62969.72×5.7000  ask=62969.73×4.1978  spread=0.01  levels=9065 bid/5597 ask  synced=True
2026-08-14 20:23:56.123  INFO      lobx.market_data.collector  [BTCUSDT] heartbeat | bid=62987.43×6.4421  ask=62987.44×5.9679  spread=0.01  levels=9113 bid/5543 ask  synced=True
2026-08-14 20:24:26.127  INFO      lobx.market_data.collector  [BTCUSDT] heartbeat | bid=62987.43×2.9067  ask=62987.44×8.5355  spread=0.01  levels=9119 bid/5553 ask  synced=True
2026-08-14 20:24:56.138  INFO      lobx.market_data.collector  [BTCUSDT] heartbeat | bid=62976.00×5.1475  ask=62976.01×7.3199  spread=0.01  levels=9095 bid/5586 ask  synced=True
2026-08-14 20:25:26.144  INFO      lobx.market_data.collector  [BTCUSDT] heartbeat | bid=62957.56×4.4761  ask=62957.57×12.4652  spread=0.01  levels=9052 bid/5638 ask  synced=True
2026-08-14 20:25:56.160  INFO      lobx.market_data.collector  [BTCUSDT] heartbeat | bid=62948.00×0.0249  ask=62948.01×11.3227  spread=0.01  levels=9020 bid/5637 ask  synced=True
2026-08-14 20:26:26.172  INFO      lobx.market_data.collector  [BTCUSDT] heartbeat | bid=62942.60×4.5562  ask=62942.61×6.6192  spread=0.01  levels=9001 bid/5646 ask  synced=True
2026-08-14 20:26:56.182  INFO      lobx.market_data.collector  [BTCUSDT] heartbeat | bid=62942.60×4.2661  ask=62942.61×5.8705  spread=0.01  levels=8989 bid/5647 ask  synced=True
2026-08-14 20:27:26.190  INFO      lobx.market_data.collector  [BTCUSDT] heartbeat | bid=62942.60×5.9530  ask=62942.61×0.8266  spread=0.01  levels=9006 bid/5643 ask  synced=True
2026-08-14 20:27:56.196  INFO      lobx.market_data.collector  [BTCUSDT] heartbeat | bid=62964.98×1.6922  ask=62964.99×6.0927  spread=0.01  levels=9062 bid/5594 ask  synced=True
2026-08-14 20:28:26.204  INFO      lobx.market_data.collector  [BTCUSDT] heartbeat | bid=62966.86×14.3017  ask=62966.87×0.5483  spread=0.01  levels=9052 bid/5610 ask  synced=True
2026-08-14 20:28:56.214  INFO      lobx.market_data.collector  [BTCUSDT] heartbeat | bid=62966.86×11.7023  ask=62966.87×1.6497  spread=0.01  levels=9067 bid/5602 ask  synced=True
2026-08-14 20:29:26.222  INFO      lobx.market_data.collector  [BTCUSDT] heartbeat | bid=62949.73×6.3203  ask=62949.74×4.0567  spread=0.01  levels=9020 bid/5656 ask  synced=True
2026-08-14 20:29:56.230  INFO      lobx.market_data.collector  [BTCUSDT] heartbeat | bid=62949.73×6.6006  ask=62949.74×4.0504  spread=0.01  levels=9022 bid/5659 ask  synced=True
2026-08-14 20:30:26.244  INFO      lobx.market_data.collector  [BTCUSDT] heartbeat | bid=62957.27×9.9115  ask=62957.28×0.4906  spread=0.01  levels=9043 bid/5618 ask  synced=True
2026-08-14 20:30:56.259  INFO      lobx.market_data.collector  [BTCUSDT] heartbeat | bid=62957.27×6.9019  ask=62957.28×7.2573  spread=0.01  levels=9058 bid/5628 ask  synced=True
2026-08-14 20:31:26.277  INFO      lobx.market_data.collector  [BTCUSDT] heartbeat | bid=62955.96×8.5191  ask=62955.97×0.2832  spread=0.01  levels=9053 bid/5639 ask  synced=True
2026-08-14 20:31:56.289  INFO      lobx.market_data.collector  [BTCUSDT] heartbeat | bid=62955.96×6.5718  ask=62955.97×5.1602  spread=0.01  levels=9055 bid/5648 ask  synced=True
2026-08-14 20:32:26.305  INFO      lobx.market_data.collector  [BTCUSDT] heartbeat | bid=62955.96×2.8121  ask=62955.97×8.1762  spread=0.01  levels=9067 bid/5651 ask  synced=True
2026-08-14 20:32:56.312  INFO      lobx.market_data.collector  [BTCUSDT] heartbeat | bid=62938.32×0.0175  ask=62938.33×14.3449  spread=0.01  levels=8981 bid/5673 ask  synced=True
2026-08-14 20:33:26.318  INFO      lobx.market_data.collector  [BTCUSDT] heartbeat | bid=62932.00×7.2147  ask=62932.01×3.5488  spread=0.01  levels=8988 bid/5718 ask  synced=True
2026-08-14 20:33:56.329  INFO      lobx.market_data.collector  [BTCUSDT] heartbeat | bid=62934.90×6.9211  ask=62934.91×1.0815  spread=0.01  levels=9029 bid/5707 ask  synced=True
2026-08-14 20:34:26.334  INFO      lobx.market_data.collector  [BTCUSDT] heartbeat | bid=62934.90×6.4059  ask=62934.91×0.3479  spread=0.01  levels=9029 bid/5714 ask  synced=True
2026-08-14 20:34:56.347  INFO      lobx.market_data.collector  [BTCUSDT] heartbeat | bid=62939.78×8.2553  ask=62939.79×6.9670  spread=0.01  levels=9041 bid/5682 ask  synced=True
2026-08-14 20:35:26.351  INFO      lobx.market_data.collector  [BTCUSDT] heartbeat | bid=62924.94×4.0695  ask=62924.95×8.8527  spread=0.01  levels=9035 bid/5721 ask  synced=True
2026-08-14 20:35:56.363  INFO      lobx.market_data.collector  [BTCUSDT] heartbeat | bid=62920.00×2.4386  ask=62920.01×14.6025  spread=0.01  levels=9005 bid/5713 ask  synced=True
2026-08-14 20:36:26.370  INFO      lobx.market_data.collector  [BTCUSDT] heartbeat | bid=62920.00×1.1267  ask=62920.01×14.5182  spread=0.01  levels=9010 bid/5687 ask  synced=True
2026-08-14 20:36:56.388  INFO      lobx.market_data.collector  [BTCUSDT] heartbeat | bid=62920.00×5.0737  ask=62920.01×11.7532  spread=0.01  levels=8996 bid/5678 ask  synced=True
2026-08-14 20:37:26.402  INFO      lobx.market_data.collector  [BTCUSDT] heartbeat | bid=62916.93×6.0584  ask=62916.94×6.8521  spread=0.01  levels=8990 bid/5665 ask  synced=True
2026-08-14 20:37:56.416  INFO      lobx.market_data.collector  [BTCUSDT] heartbeat | bid=62916.93×3.7042  ask=62916.94×5.7440  spread=0.01  levels=8979 bid/5672 ask  synced=True
2026-08-14 20:38:26.421  INFO      lobx.market_data.collector  [BTCUSDT] heartbeat | bid=62912.00×1.2283  ask=62912.01×15.5365  spread=0.01  levels=8978 bid/5700 ask  synced=True
2026-08-14 20:38:56.430  INFO      lobx.market_data.collector  [BTCUSDT] heartbeat | bid=62912.00×6.8570  ask=62912.01×3.7211  spread=0.01  levels=8973 bid/5701 ask  synced=True
2026-08-14 20:39:26.445  INFO      lobx.market_data.collector  [BTCUSDT] heartbeat | bid=62912.00×6.7522  ask=62912.01×5.3172  spread=0.01  levels=8974 bid/5710 ask  synced=True
2026-08-14 20:39:56.448  INFO      lobx.market_data.collector  [BTCUSDT] heartbeat | bid=62912.00×6.6166  ask=62912.01×5.9782  spread=0.01  levels=8976 bid/5713 ask  synced=True
2026-08-14 20:40:26.462  INFO      lobx.market_data.collector  [BTCUSDT] heartbeat | bid=62912.00×5.8615  ask=62912.01×5.6249  spread=0.01  levels=8961 bid/5703 ask  synced=True
2026-08-14 20:40:56.478  INFO      lobx.market_data.collector  [BTCUSDT] heartbeat | bid=62912.00×5.4321  ask=62912.01×3.3651  spread=0.01  levels=8976 bid/5719 ask  synced=True
2026-08-14 20:41:26.487  INFO      lobx.market_data.collector  [BTCUSDT] heartbeat | bid=62912.00×8.1976  ask=62912.01×2.8377  spread=0.01  levels=8977 bid/5710 ask  synced=True
2026-08-14 20:41:56.493  INFO      lobx.market_data.collector  [BTCUSDT] heartbeat | bid=62912.00×7.4818  ask=62912.01×3.7075  spread=0.01  levels=8976 bid/5711 ask  synced=True
2026-08-14 20:42:26.503  INFO      lobx.market_data.collector  [BTCUSDT] heartbeat | bid=62912.00×6.7284  ask=62912.01×3.0609  spread=0.01  levels=8975 bid/5711 ask  synced=True
2026-08-14 20:42:56.513  INFO      lobx.market_data.collector  [BTCUSDT] heartbeat | bid=62912.00×5.2196  ask=62912.01×5.3644  spread=0.01  levels=8976 bid/5712 ask  synced=True
2026-08-14 20:43:26.522  INFO      lobx.market_data.collector  [BTCUSDT] heartbeat | bid=62912.00×6.6182  ask=62912.01×5.5032  spread=0.01  levels=8979 bid/5713 ask  synced=True
2026-08-14 20:43:56.536  INFO      lobx.market_data.collector  [BTCUSDT] heartbeat | bid=62912.00×1.8285  ask=62912.01×7.0090  spread=0.01  levels=8966 bid/5715 ask  synced=True
2026-08-14 20:44:26.554  INFO      lobx.market_data.collector  [BTCUSDT] heartbeat | bid=62912.00×1.3623  ask=62912.01×8.5703  spread=0.01  levels=8969 bid/5709 ask  synced=True
2026-08-14 20:44:56.567  INFO      lobx.market_data.collector  [BTCUSDT] heartbeat | bid=62912.00×2.4641  ask=62912.01×6.2301  spread=0.01  levels=8975 bid/5711 ask  synced=True
2026-08-14 20:45:26.573  INFO      lobx.market_data.collector  [BTCUSDT] heartbeat | bid=62928.05×6.3527  ask=62928.06×6.2579  spread=0.01  levels=9043 bid/5686 ask  synced=True
2026-08-14 20:45:56.581  INFO      lobx.market_data.collector  [BTCUSDT] heartbeat | bid=62921.80×2.7603  ask=62921.81×10.5992  spread=0.01  levels=9033 bid/5711 ask  synced=True
2026-08-14 20:46:26.584  INFO      lobx.market_data.collector  [BTCUSDT] heartbeat | bid=62921.80×7.1072  ask=62921.81×4.7520  spread=0.01  levels=9045 bid/5719 ask  synced=True
2026-08-14 20:46:56.590  INFO      lobx.market_data.collector  [BTCUSDT] heartbeat | bid=62916.88×3.0978  ask=62916.89×9.0388  spread=0.01  levels=9040 bid/5714 ask  synced=True
2026-08-14 20:47:26.606  INFO      lobx.market_data.collector  [BTCUSDT] heartbeat | bid=62911.35×1.6050  ask=62911.36×8.8354  spread=0.01  levels=9006 bid/5745 ask  synced=True
2026-08-14 20:47:56.620  INFO      lobx.market_data.collector  [BTCUSDT] heartbeat | bid=62910.00×2.7572  ask=62910.01×10.2163  spread=0.01  levels=8995 bid/5722 ask  synced=True
2026-08-14 20:48:26.636  INFO      lobx.market_data.collector  [BTCUSDT] heartbeat | bid=62917.70×3.9429  ask=62917.71×5.8207  spread=0.01  levels=9007 bid/5707 ask  synced=True
2026-08-14 20:48:56.648  INFO      lobx.market_data.collector  [BTCUSDT] heartbeat | bid=62915.62×2.6799  ask=62915.63×13.3917  spread=0.01  levels=9006 bid/5703 ask  synced=True
2026-08-14 20:49:26.656  INFO      lobx.market_data.collector  [BTCUSDT] heartbeat | bid=62915.62×2.6811  ask=62915.63×13.1161  spread=0.01  levels=9004 bid/5704 ask  synced=True
2026-08-14 20:49:56.673  INFO      lobx.market_data.collector  [BTCUSDT] heartbeat | bid=62925.78×8.9089  ask=62925.79×3.4674  spread=0.01  levels=9025 bid/5685 ask  synced=True
2026-08-14 20:50:26.689  INFO      lobx.market_data.collector  [BTCUSDT] heartbeat | bid=62937.21×9.9633  ask=62937.22×3.8887  spread=0.01  levels=9056 bid/5624 ask  synced=True
2026-08-14 20:50:56.704  INFO      lobx.market_data.collector  [BTCUSDT] heartbeat | bid=62922.63×2.1356  ask=62922.64×9.6684  spread=0.01  levels=9010 bid/5662 ask  synced=True
2026-08-14 20:51:26.719  INFO      lobx.market_data.collector  [BTCUSDT] heartbeat | bid=62919.15×5.6734  ask=62919.16×5.4015  spread=0.01  levels=9014 bid/5701 ask  synced=True
2026-08-14 20:51:56.737  INFO      lobx.market_data.collector  [BTCUSDT] heartbeat | bid=62919.15×2.7599  ask=62919.16×8.5443  spread=0.01  levels=9008 bid/5705 ask  synced=True
2026-08-14 20:52:26.743  INFO      lobx.market_data.collector  [BTCUSDT] heartbeat | bid=62919.15×6.2704  ask=62919.16×5.8048  spread=0.01  levels=9015 bid/5700 ask  synced=True
2026-08-14 20:52:56.753  INFO      lobx.market_data.collector  [BTCUSDT] heartbeat | bid=62919.15×6.0055  ask=62919.16×4.4873  spread=0.01  levels=9020 bid/5694 ask  synced=True
2026-08-14 20:53:26.763  INFO      lobx.market_data.collector  [BTCUSDT] heartbeat | bid=62918.43×2.6902  ask=62918.44×12.4596  spread=0.01  levels=9022 bid/5697 ask  synced=True
2026-08-14 20:53:56.776  INFO      lobx.market_data.collector  [BTCUSDT] heartbeat | bid=62913.15×5.1793  ask=62913.16×9.7039  spread=0.01  levels=9017 bid/5732 ask  synced=True
2026-08-14 20:54:26.788  INFO      lobx.market_data.collector  [BTCUSDT] heartbeat | bid=62911.27×1.8954  ask=62911.28×13.8103  spread=0.01  levels=9019 bid/5732 ask  synced=True
2026-08-14 20:54:56.791  INFO      lobx.market_data.collector  [BTCUSDT] heartbeat | bid=62910.00×1.8203  ask=62910.01×9.5313  spread=0.01  levels=9007 bid/5730 ask  synced=True
2026-08-14 20:55:26.794  INFO      lobx.market_data.collector  [BTCUSDT] heartbeat | bid=62910.00×3.4821  ask=62910.01×8.8730  spread=0.01  levels=9006 bid/5732 ask  synced=True
2026-08-14 20:55:56.811  INFO      lobx.market_data.collector  [BTCUSDT] heartbeat | bid=62910.00×0.0951  ask=62910.01×9.1775  spread=0.01  levels=9007 bid/5733 ask  synced=True
2026-08-14 20:56:26.818  INFO      lobx.market_data.collector  [BTCUSDT] heartbeat | bid=62896.85×6.5726  ask=62896.86×5.2912  spread=0.01  levels=8961 bid/5722 ask  synced=True
2026-08-14 20:56:56.834  INFO      lobx.market_data.collector  [BTCUSDT] heartbeat | bid=62896.85×7.0022  ask=62896.86×2.9020  spread=0.01  levels=8977 bid/5734 ask  synced=True
2026-08-14 20:57:26.846  INFO      lobx.market_data.collector  [BTCUSDT] heartbeat | bid=62896.85×6.2772  ask=62896.86×4.0793  spread=0.01  levels=8955 bid/5726 ask  synced=True
2026-08-14 20:57:56.861  INFO      lobx.market_data.collector  [BTCUSDT] heartbeat | bid=62897.47×10.4901  ask=62897.48×0.9440  spread=0.01  levels=8963 bid/5691 ask  synced=True
2026-08-14 20:58:26.864  INFO      lobx.market_data.collector  [BTCUSDT] heartbeat | bid=62904.53×10.4491  ask=62904.54×0.8516  spread=0.01  levels=9016 bid/5698 ask  synced=True
2026-08-14 20:58:56.869  INFO      lobx.market_data.collector  [BTCUSDT] heartbeat | bid=62907.59×8.4563  ask=62907.60×0.3491  spread=0.01  levels=9024 bid/5676 ask  synced=True
2026-08-14 20:59:26.880  INFO      lobx.market_data.collector  [BTCUSDT] heartbeat | bid=62907.59×4.3541  ask=62907.60×7.1078  spread=0.01  levels=9025 bid/5689 ask  synced=True
2026-08-14 20:59:56.894  INFO      lobx.market_data.collector  [BTCUSDT] heartbeat | bid=62907.59×5.4082  ask=62907.60×5.6846  spread=0.01  levels=9023 bid/5686 ask  synced=True
2026-08-14 21:00:26.911  INFO      lobx.market_data.collector  [BTCUSDT] heartbeat | bid=62926.07×11.2632  ask=62926.08×2.3435  spread=0.01  levels=9053 bid/5625 ask  synced=True
2026-08-14 21:00:56.917  INFO      lobx.market_data.collector  [BTCUSDT] heartbeat | bid=62928.96×6.7540  ask=62928.97×7.8874  spread=0.01  levels=9090 bid/5646 ask  synced=True
2026-08-14 21:01:26.933  INFO      lobx.market_data.collector  [BTCUSDT] heartbeat | bid=62928.96×6.3082  ask=62928.97×7.7310  spread=0.01  levels=9082 bid/5674 ask  synced=True
2026-08-14 21:01:56.941  INFO      lobx.market_data.collector  [BTCUSDT] heartbeat | bid=62928.96×2.0958  ask=62928.97×7.7005  spread=0.01  levels=9089 bid/5663 ask  synced=True
2026-08-14 21:02:26.945  INFO      lobx.market_data.collector  [BTCUSDT] heartbeat | bid=62904.37×2.6499  ask=62904.38×10.3704  spread=0.01  levels=9021 bid/5752 ask  synced=True
2026-08-14 21:02:56.955  INFO      lobx.market_data.collector  [BTCUSDT] heartbeat | bid=62901.49×8.7045  ask=62901.50×5.8062  spread=0.01  levels=9006 bid/5773 ask  synced=True
2026-08-14 21:03:26.965  INFO      lobx.market_data.collector  [BTCUSDT] heartbeat | bid=62914.20×6.0028  ask=62914.21×4.9545  spread=0.01  levels=9023 bid/5728 ask  synced=True
2026-08-14 21:03:56.976  INFO      lobx.market_data.collector  [BTCUSDT] heartbeat | bid=62923.06×7.6643  ask=62923.07×4.0218  spread=0.01  levels=9034 bid/5710 ask  synced=True
2026-08-14 21:04:26.983  INFO      lobx.market_data.collector  [BTCUSDT] heartbeat | bid=62923.06×7.8222  ask=62923.07×4.6057  spread=0.01  levels=9028 bid/5698 ask  synced=True
2026-08-14 21:04:56.989  INFO      lobx.market_data.collector  [BTCUSDT] heartbeat | bid=62937.21×10.9034  ask=62937.22×0.5961  spread=0.01  levels=9068 bid/5678 ask  synced=True
2026-08-14 21:05:26.999  INFO      lobx.market_data.collector  [BTCUSDT] heartbeat | bid=62936.95×0.1495  ask=62936.96×12.0880  spread=0.01  levels=9069 bid/5683 ask  synced=True
2026-08-14 21:05:57.006  INFO      lobx.market_data.collector  [BTCUSDT] heartbeat | bid=62923.78×6.0050  ask=62923.79×5.1676  spread=0.01  levels=9048 bid/5713 ask  synced=True
2026-08-14 21:06:27.010  INFO      lobx.market_data.collector  [BTCUSDT] heartbeat | bid=62923.78×6.2469  ask=62923.79×1.0310  spread=0.01  levels=9058 bid/5715 ask  synced=True
2026-08-14 21:06:57.014  INFO      lobx.market_data.collector  [BTCUSDT] heartbeat | bid=62929.99×10.1793  ask=62930.00×2.9381  spread=0.01  levels=9067 bid/5690 ask  synced=True
2026-08-14 21:07:27.026  INFO      lobx.market_data.collector  [BTCUSDT] heartbeat | bid=62930.63×6.3813  ask=62930.64×4.2719  spread=0.01  levels=9082 bid/5683 ask  synced=True
2026-08-14 21:07:57.033  INFO      lobx.market_data.collector  [BTCUSDT] heartbeat | bid=62929.99×2.7777  ask=62930.00×11.8724  spread=0.01  levels=9078 bid/5688 ask  synced=True
2026-08-14 21:08:27.040  INFO      lobx.market_data.collector  [BTCUSDT] heartbeat | bid=62923.79×3.3660  ask=62923.80×7.5364  spread=0.01  levels=9042 bid/5715 ask  synced=True
2026-08-14 21:08:57.056  INFO      lobx.market_data.collector  [BTCUSDT] heartbeat | bid=62900.27×3.0138  ask=62900.28×9.5973  spread=0.01  levels=9010 bid/5799 ask  synced=True
2026-08-14 21:09:27.058  INFO      lobx.market_data.collector  [BTCUSDT] heartbeat | bid=62900.27×5.5042  ask=62900.28×1.9939  spread=0.01  levels=9019 bid/5777 ask  synced=True
2026-08-14 21:09:57.062  INFO      lobx.market_data.collector  [BTCUSDT] heartbeat | bid=62900.27×5.8842  ask=62900.28×1.2482  spread=0.01  levels=8944 bid/5728 ask  synced=True
2026-08-14 21:10:27.075  INFO      lobx.market_data.collector  [BTCUSDT] heartbeat | bid=62900.27×6.0906  ask=62900.28×4.8963  spread=0.01  levels=8946 bid/5735 ask  synced=True
2026-08-14 21:10:57.088  INFO      lobx.market_data.collector  [BTCUSDT] heartbeat | bid=62900.27×6.0432  ask=62900.28×4.8293  spread=0.01  levels=8944 bid/5731 ask  synced=True
2026-08-14 21:11:27.098  INFO      lobx.market_data.collector  [BTCUSDT] heartbeat | bid=62900.27×5.5572  ask=62900.28×4.9170  spread=0.01  levels=8944 bid/5695 ask  synced=True
2026-08-14 21:11:57.109  INFO      lobx.market_data.collector  [BTCUSDT] heartbeat | bid=62917.94×8.5990  ask=62917.95×5.6265  spread=0.01  levels=8997 bid/5643 ask  synced=True
2026-08-14 21:12:27.122  INFO      lobx.market_data.collector  [BTCUSDT] heartbeat | bid=62917.94×8.6498  ask=62917.95×5.4084  spread=0.01  levels=8994 bid/5642 ask  synced=True
2026-08-14 21:12:57.136  INFO      lobx.market_data.collector  [BTCUSDT] heartbeat | bid=62923.99×9.9074  ask=62924.00×0.4328  spread=0.01  levels=9001 bid/5611 ask  synced=True
2026-08-14 21:13:27.149  INFO      lobx.market_data.collector  [BTCUSDT] heartbeat | bid=62920.00×1.2255  ask=62920.01×11.3154  spread=0.01  levels=8998 bid/5663 ask  synced=True
2026-08-14 21:13:57.155  INFO      lobx.market_data.collector  [BTCUSDT] heartbeat | bid=62912.80×6.9682  ask=62912.81×5.9308  spread=0.01  levels=8980 bid/5658 ask  synced=True
2026-08-14 21:14:27.165  INFO      lobx.market_data.collector  [BTCUSDT] heartbeat | bid=62902.36×2.6376  ask=62902.37×13.0136  spread=0.01  levels=8961 bid/5714 ask  synced=True
2026-08-14 21:14:57.171  INFO      lobx.market_data.collector  [BTCUSDT] heartbeat | bid=62904.00×9.1481  ask=62904.01×3.4550  spread=0.01  levels=8976 bid/5713 ask  synced=True
2026-08-14 21:15:27.182  INFO      lobx.market_data.collector  [BTCUSDT] heartbeat | bid=62904.00×8.8440  ask=62904.01×5.2269  spread=0.01  levels=8980 bid/5712 ask  synced=True
2026-08-14 21:15:57.185  INFO      lobx.market_data.collector  [BTCUSDT] heartbeat | bid=62910.82×5.0674  ask=62910.83×5.4134  spread=0.01  levels=9005 bid/5690 ask  synced=True
2026-08-14 21:16:27.199  INFO      lobx.market_data.collector  [BTCUSDT] heartbeat | bid=62910.82×3.4698  ask=62910.83×5.4108  spread=0.01  levels=8999 bid/5694 ask  synced=True
2026-08-14 21:16:57.206  INFO      lobx.market_data.collector  [BTCUSDT] heartbeat | bid=62910.82×5.3403  ask=62910.83×4.7523  spread=0.01  levels=8992 bid/5697 ask  synced=True
2026-08-14 21:17:27.218  INFO      lobx.market_data.collector  [BTCUSDT] heartbeat | bid=62910.82×5.7185  ask=62910.83×0.4315  spread=0.01  levels=9000 bid/5706 ask  synced=True
2026-08-14 21:17:57.223  INFO      lobx.market_data.collector  [BTCUSDT] heartbeat | bid=62913.99×6.9362  ask=62914.00×5.0500  spread=0.01  levels=9016 bid/5701 ask  synced=True
2026-08-14 21:18:27.232  INFO      lobx.market_data.collector  [BTCUSDT] heartbeat | bid=62913.99×6.3107  ask=62914.00×2.2865  spread=0.01  levels=9018 bid/5695 ask  synced=True
2026-08-14 21:18:57.235  INFO      lobx.market_data.collector  [BTCUSDT] heartbeat | bid=62901.55×4.5038  ask=62901.56×9.9437  spread=0.01  levels=8969 bid/5721 ask  synced=True
2026-08-14 21:19:27.253  INFO      lobx.market_data.collector  [BTCUSDT] heartbeat | bid=62901.55×0.2318  ask=62901.56×12.6574  spread=0.01  levels=8955 bid/5718 ask  synced=True
2026-08-14 21:19:57.266  INFO      lobx.market_data.collector  [BTCUSDT] heartbeat | bid=62894.95×0.7218  ask=62894.96×12.3398  spread=0.01  levels=8963 bid/5710 ask  synced=True
2026-08-14 21:20:27.275  INFO      lobx.market_data.collector  [BTCUSDT] heartbeat | bid=62888.00×4.1117  ask=62888.01×7.9254  spread=0.01  levels=8961 bid/5711 ask  synced=True
2026-08-14 21:20:57.286  INFO      lobx.market_data.collector  [BTCUSDT] heartbeat | bid=62888.00×5.5082  ask=62888.01×5.7786  spread=0.01  levels=8960 bid/5722 ask  synced=True
2026-08-14 21:21:27.298  INFO      lobx.market_data.collector  [BTCUSDT] heartbeat | bid=62888.00×6.7727  ask=62888.01×5.8474  spread=0.01  levels=8961 bid/5725 ask  synced=True
2026-08-14 21:21:57.308  INFO      lobx.market_data.collector  [BTCUSDT] heartbeat | bid=62888.00×7.0356  ask=62888.01×4.6120  spread=0.01  levels=8970 bid/5698 ask  synced=True
2026-08-14 21:22:27.314  INFO      lobx.market_data.collector  [BTCUSDT] heartbeat | bid=62901.99×8.6415  ask=62902.00×5.9327  spread=0.01  levels=8950 bid/5668 ask  synced=True
2026-08-14 21:22:57.326  INFO      lobx.market_data.collector  [BTCUSDT] heartbeat | bid=62901.99×6.4482  ask=62902.00×6.2224  spread=0.01  levels=8977 bid/5689 ask  synced=True
2026-08-14 21:23:27.330  INFO      lobx.market_data.collector  [BTCUSDT] heartbeat | bid=62896.75×4.1067  ask=62896.76×9.3585  spread=0.01  levels=8989 bid/5710 ask  synced=True
2026-08-14 21:23:57.338  INFO      lobx.market_data.collector  [BTCUSDT] heartbeat | bid=62896.75×3.9203  ask=62896.76×7.2414  spread=0.01  levels=9005 bid/5711 ask  synced=True
2026-08-14 21:24:27.351  INFO      lobx.market_data.collector  [BTCUSDT] heartbeat | bid=62901.81×9.3491  ask=62901.82×5.5690  spread=0.01  levels=9003 bid/5688 ask  synced=True
2026-08-14 21:24:57.353  INFO      lobx.market_data.collector  [BTCUSDT] heartbeat | bid=62901.81×9.3517  ask=62901.82×5.8870  spread=0.01  levels=9004 bid/5688 ask  synced=True
2026-08-14 21:25:27.367  INFO      lobx.market_data.collector  [BTCUSDT] heartbeat | bid=62901.81×8.9174  ask=62901.82×4.2845  spread=0.01  levels=9003 bid/5693 ask  synced=True
2026-08-14 21:25:57.381  INFO      lobx.market_data.collector  [BTCUSDT] heartbeat | bid=62901.81×8.8453  ask=62901.82×4.8996  spread=0.01  levels=9005 bid/5695 ask  synced=True
2026-08-14 21:26:27.397  INFO      lobx.market_data.collector  [BTCUSDT] heartbeat | bid=62901.81×8.6296  ask=62901.82×3.2191  spread=0.01  levels=9016 bid/5696 ask  synced=True
2026-08-14 21:26:57.412  INFO      lobx.market_data.collector  [BTCUSDT] heartbeat | bid=62901.81×8.5964  ask=62901.82×3.6261  spread=0.01  levels=9018 bid/5700 ask  synced=True
2026-08-14 21:27:27.416  INFO      lobx.market_data.collector  [BTCUSDT] heartbeat | bid=62901.81×8.3950  ask=62901.82×3.3445  spread=0.01  levels=9015 bid/5698 ask  synced=True
2026-08-14 21:27:57.428  INFO      lobx.market_data.collector  [BTCUSDT] heartbeat | bid=62922.52×5.5051  ask=62922.53×6.4616  spread=0.01  levels=9074 bid/5653 ask  synced=True
2026-08-14 21:28:27.433  INFO      lobx.market_data.collector  [BTCUSDT] heartbeat | bid=62915.61×5.6509  ask=62915.62×7.0666  spread=0.01  levels=9036 bid/5680 ask  synced=True
2026-08-14 21:28:57.443  INFO      lobx.market_data.collector  [BTCUSDT] heartbeat | bid=62904.94×1.0162  ask=62904.95×9.7485  spread=0.01  levels=8972 bid/5701 ask  synced=True
2026-08-14 21:29:27.459  INFO      lobx.market_data.collector  [BTCUSDT] heartbeat | bid=62893.30×0.1485  ask=62893.31×15.0292  spread=0.01  levels=8991 bid/5740 ask  synced=True
2026-08-14 21:29:57.463  INFO      lobx.market_data.collector  [BTCUSDT] heartbeat | bid=62892.70×5.7786  ask=62892.71×6.1205  spread=0.01  levels=8981 bid/5733 ask  synced=True
2026-08-14 21:30:27.472  INFO      lobx.market_data.collector  [BTCUSDT] heartbeat | bid=62892.70×6.5762  ask=62892.71×5.5227  spread=0.01  levels=8986 bid/5743 ask  synced=True
2026-08-14 21:30:57.482  INFO      lobx.market_data.collector  [BTCUSDT] heartbeat | bid=62893.30×11.3879  ask=62893.31×3.8494  spread=0.01  levels=8996 bid/5735 ask  synced=True
2026-08-14 21:31:27.496  INFO      lobx.market_data.collector  [BTCUSDT] heartbeat | bid=62892.00×2.5901  ask=62892.01×7.1806  spread=0.01  levels=8991 bid/5742 ask  synced=True
2026-08-14 21:31:57.498  INFO      lobx.market_data.collector  [BTCUSDT] heartbeat | bid=62892.00×0.1782  ask=62892.01×7.6416  spread=0.01  levels=8990 bid/5737 ask  synced=True
2026-08-14 21:32:27.503  INFO      lobx.market_data.collector  [BTCUSDT] heartbeat | bid=62888.00×1.1380  ask=62888.01×9.4994  spread=0.01  levels=8991 bid/5722 ask  synced=True
2026-08-14 21:32:57.507  INFO      lobx.market_data.collector  [BTCUSDT] heartbeat | bid=62887.99×0.2590  ask=62888.00×10.6026  spread=0.01  levels=8987 bid/5717 ask  synced=True
2026-08-14 21:33:27.519  INFO      lobx.market_data.collector  [BTCUSDT] heartbeat | bid=62887.99×0.1951  ask=62888.00×7.9205  spread=0.01  levels=8986 bid/5720 ask  synced=True
2026-08-14 21:33:57.522  INFO      lobx.market_data.collector  [BTCUSDT] heartbeat | bid=62885.99×0.4112  ask=62886.00×8.9229  spread=0.01  levels=8986 bid/5709 ask  synced=True
2026-08-14 21:34:27.532  INFO      lobx.market_data.collector  [BTCUSDT] heartbeat | bid=62885.99×0.1289  ask=62886.00×6.4839  spread=0.01  levels=8984 bid/5703 ask  synced=True
2026-08-14 21:34:57.552  INFO      lobx.market_data.collector  [BTCUSDT] heartbeat | bid=62873.25×0.5676  ask=62873.26×5.0110  spread=0.01  levels=8935 bid/5724 ask  synced=True
2026-08-14 21:35:27.562  INFO      lobx.market_data.collector  [BTCUSDT] heartbeat | bid=62873.25×2.1542  ask=62873.26×4.4099  spread=0.01  levels=8940 bid/5697 ask  synced=True
2026-08-14 21:35:57.572  INFO      lobx.market_data.collector  [BTCUSDT] heartbeat | bid=62873.25×2.3016  ask=62873.26×5.8899  spread=0.01  levels=8961 bid/5725 ask  synced=True
2026-08-14 21:36:27.587  INFO      lobx.market_data.collector  [BTCUSDT] heartbeat | bid=62873.25×2.2305  ask=62873.26×5.7865  spread=0.01  levels=8960 bid/5724 ask  synced=True
2026-08-14 21:36:57.591  INFO      lobx.market_data.collector  [BTCUSDT] heartbeat | bid=62873.25×0.7131  ask=62873.26×4.6643  spread=0.01  levels=8951 bid/5698 ask  synced=True
2026-08-14 21:37:27.596  INFO      lobx.market_data.collector  [BTCUSDT] heartbeat | bid=62873.25×2.3946  ask=62873.26×5.0744  spread=0.01  levels=8965 bid/5731 ask  synced=True
2026-08-14 21:37:57.613  INFO      lobx.market_data.collector  [BTCUSDT] heartbeat | bid=62879.55×4.8867  ask=62879.56×3.7386  spread=0.01  levels=8981 bid/5680 ask  synced=True
2026-08-14 21:38:27.629  INFO      lobx.market_data.collector  [BTCUSDT] heartbeat | bid=62876.93×4.6120  ask=62876.94×0.0891  spread=0.01  levels=8991 bid/5676 ask  synced=True
2026-08-14 21:38:57.638  INFO      lobx.market_data.collector  [BTCUSDT] heartbeat | bid=62886.58×5.3510  ask=62886.59×0.7295  spread=0.01  levels=9037 bid/5753 ask  synced=True
2026-08-14 21:39:27.643  INFO      lobx.market_data.collector  [BTCUSDT] heartbeat | bid=62888.29×4.4164  ask=62888.30×0.6434  spread=0.01  levels=9037 bid/5771 ask  synced=True
2026-08-14 21:39:57.657  INFO      lobx.market_data.collector  [BTCUSDT] heartbeat | bid=62890.04×5.2337  ask=62890.05×0.7321  spread=0.01  levels=9090 bid/5769 ask  synced=True
2026-08-14 21:40:27.667  INFO      lobx.market_data.collector  [BTCUSDT] heartbeat | bid=62905.00×2.1511  ask=62905.01×1.7859  spread=0.01  levels=9147 bid/5771 ask  synced=True
2026-08-14 21:40:57.681  INFO      lobx.market_data.collector  [BTCUSDT] heartbeat | bid=62906.55×4.4241  ask=62906.56×0.6348  spread=0.01  levels=9150 bid/5776 ask  synced=True
2026-08-14 21:41:27.686  INFO      lobx.market_data.collector  [BTCUSDT] heartbeat | bid=62899.80×7.1973  ask=62899.81×0.7987  spread=0.01  levels=9128 bid/5781 ask  synced=True
2026-08-14 21:41:57.693  INFO      lobx.market_data.collector  [BTCUSDT] heartbeat | bid=62903.99×2.1593  ask=62904.00×0.4394  spread=0.01  levels=9146 bid/5768 ask  synced=True
2026-08-14 21:42:27.709  INFO      lobx.market_data.collector  [BTCUSDT] heartbeat | bid=62905.00×2.8011  ask=62905.01×1.4149  spread=0.01  levels=9141 bid/5763 ask  synced=True
2026-08-14 21:42:57.720  INFO      lobx.market_data.collector  [BTCUSDT] heartbeat | bid=62890.08×0.4414  ask=62890.09×4.2570  spread=0.01  levels=9106 bid/5792 ask  synced=True
2026-08-14 21:43:27.733  INFO      lobx.market_data.collector  [BTCUSDT] heartbeat | bid=62893.43×0.7078  ask=62893.44×3.9285  spread=0.01  levels=9132 bid/5811 ask  synced=True
2026-08-14 21:43:57.742  INFO      lobx.market_data.collector  [BTCUSDT] heartbeat | bid=62881.88×0.1872  ask=62881.89×4.6486  spread=0.01  levels=9087 bid/5805 ask  synced=True
2026-08-14 21:44:27.758  INFO      lobx.market_data.collector  [BTCUSDT] heartbeat | bid=62882.46×0.1250  ask=62882.47×3.2462  spread=0.01  levels=9103 bid/5821 ask  synced=True
2026-08-14 21:44:57.768  INFO      lobx.market_data.collector  [BTCUSDT] heartbeat | bid=62889.00×0.6371  ask=62889.01×4.6546  spread=0.01  levels=9108 bid/5802 ask  synced=True
2026-08-14 21:45:27.779  INFO      lobx.market_data.collector  [BTCUSDT] heartbeat | bid=62889.00×0.7229  ask=62889.01×3.8170  spread=0.01  levels=9128 bid/5816 ask  synced=True
2026-08-14 21:45:57.787  INFO      lobx.market_data.collector  [BTCUSDT] heartbeat | bid=62884.00×1.0211  ask=62884.01×2.9818  spread=0.01  levels=9125 bid/5861 ask  synced=True
2026-08-14 21:46:27.789  INFO      lobx.market_data.collector  [BTCUSDT] heartbeat | bid=62882.33×0.1689  ask=62882.34×4.3513  spread=0.01  levels=9125 bid/5813 ask  synced=True
2026-08-14 21:46:57.799  INFO      lobx.market_data.collector  [BTCUSDT] heartbeat | bid=62877.95×1.2548  ask=62877.96×2.1900  spread=0.01  levels=9185 bid/5940 ask  synced=True
2026-08-14 21:47:27.815  INFO      lobx.market_data.collector  [BTCUSDT] heartbeat | bid=62886.69×3.2484  ask=62886.70×0.5767  spread=0.01  levels=9211 bid/5923 ask  synced=True
2026-08-14 21:47:57.822  INFO      lobx.market_data.collector  [BTCUSDT] heartbeat | bid=62899.98×1.2643  ask=62899.99×1.4070  spread=0.01  levels=9263 bid/5894 ask  synced=True
2026-08-14 21:48:27.829  INFO      lobx.market_data.collector  [BTCUSDT] heartbeat | bid=62911.67×0.0518  ask=62911.68×1.6704  spread=0.01  levels=9253 bid/5869 ask  synced=True
2026-08-14 21:48:57.841  INFO      lobx.market_data.collector  [BTCUSDT] heartbeat | bid=62911.69×1.3094  ask=62911.70×1.1252  spread=0.01  levels=9264 bid/5853 ask  synced=True
2026-08-14 21:49:27.844  INFO      lobx.market_data.collector  [BTCUSDT] heartbeat | bid=62913.99×4.0060  ask=62914.00×0.4215  spread=0.01  levels=9290 bid/5849 ask  synced=True
2026-08-14 21:49:57.860  INFO      lobx.market_data.collector  [BTCUSDT] heartbeat | bid=62915.75×2.5593  ask=62915.76×0.8898  spread=0.01  levels=9299 bid/5854 ask  synced=True
2026-08-14 21:50:27.863  INFO      lobx.market_data.collector  [BTCUSDT] heartbeat | bid=62914.53×0.4503  ask=62914.54×4.6238  spread=0.01  levels=9287 bid/5850 ask  synced=True
2026-08-14 21:50:57.872  INFO      lobx.market_data.collector  [BTCUSDT] heartbeat | bid=62914.53×0.1031  ask=62914.54×2.8873  spread=0.01  levels=9302 bid/5866 ask  synced=True
2026-08-14 21:51:27.879  INFO      lobx.market_data.collector  [BTCUSDT] heartbeat | bid=62914.53×0.1047  ask=62914.54×2.9081  spread=0.01  levels=9298 bid/5871 ask  synced=True
2026-08-14 21:51:57.890  INFO      lobx.market_data.collector  [BTCUSDT] heartbeat | bid=62914.53×0.1982  ask=62914.54×2.2842  spread=0.01  levels=9303 bid/5872 ask  synced=True
2026-08-14 21:52:27.906  INFO      lobx.market_data.collector  [BTCUSDT] heartbeat | bid=62914.53×1.1835  ask=62914.54×1.7223  spread=0.01  levels=9303 bid/5868 ask  synced=True
2026-08-14 21:52:57.919  INFO      lobx.market_data.collector  [BTCUSDT] heartbeat | bid=62886.85×1.7367  ask=62886.86×1.9465  spread=0.01  levels=9217 bid/5933 ask  synced=True
2026-08-14 21:53:27.936  INFO      lobx.market_data.collector  [BTCUSDT] heartbeat | bid=62886.85×1.5355  ask=62886.86×2.5818  spread=0.01  levels=9211 bid/5936 ask  synced=True
2026-08-14 21:53:57.947  INFO      lobx.market_data.collector  [BTCUSDT] heartbeat | bid=62886.85×1.9619  ask=62886.86×1.2190  spread=0.01  levels=9222 bid/5935 ask  synced=True
2026-08-14 21:54:27.961  INFO      lobx.market_data.collector  [BTCUSDT] heartbeat | bid=62886.00×0.1101  ask=62886.01×4.6393  spread=0.01  levels=9221 bid/5949 ask  synced=True
2026-08-14 21:54:57.974  INFO      lobx.market_data.collector  [BTCUSDT] heartbeat | bid=62886.00×0.0752  ask=62886.01×4.9190  spread=0.01  levels=9217 bid/5950 ask  synced=True
2026-08-14 21:55:27.990  INFO      lobx.market_data.collector  [BTCUSDT] heartbeat | bid=62884.57×0.7677  ask=62884.58×4.7604  spread=0.01  levels=9217 bid/5948 ask  synced=True
2026-08-14 21:55:58.007  INFO      lobx.market_data.collector  [BTCUSDT] heartbeat | bid=62886.09×3.9475  ask=62886.10×0.5743  spread=0.01  levels=9223 bid/5913 ask  synced=True
2026-08-14 21:56:28.020  INFO      lobx.market_data.collector  [BTCUSDT] heartbeat | bid=62898.21×2.6561  ask=62898.22×1.2736  spread=0.01  levels=9261 bid/5906 ask  synced=True
2026-08-14 21:56:58.034  INFO      lobx.market_data.collector  [BTCUSDT] heartbeat | bid=62898.21×1.8006  ask=62898.22×1.5486  spread=0.01  levels=9275 bid/5909 ask  synced=True
2026-08-14 21:57:28.052  INFO      lobx.market_data.collector  [BTCUSDT] heartbeat | bid=62898.21×1.9422  ask=62898.22×0.9127  spread=0.01  levels=9280 bid/5912 ask  synced=True
2026-08-14 21:57:58.056  INFO      lobx.market_data.collector  [BTCUSDT] heartbeat | bid=62898.21×1.7938  ask=62898.22×1.6470  spread=0.01  levels=9277 bid/5913 ask  synced=True
2026-08-14 21:58:28.069  INFO      lobx.market_data.collector  [BTCUSDT] heartbeat | bid=62917.48×4.6794  ask=62917.49×0.6532  spread=0.01  levels=9294 bid/5856 ask  synced=True
2026-08-14 21:58:58.082  INFO      lobx.market_data.collector  [BTCUSDT] heartbeat | bid=62923.46×4.9952  ask=62923.47×0.1137  spread=0.01  levels=9310 bid/5843 ask  synced=True
2026-08-14 21:59:28.088  INFO      lobx.market_data.collector  [BTCUSDT] heartbeat | bid=62928.48×2.0528  ask=62928.49×1.4950  spread=0.01  levels=9341 bid/5856 ask  synced=True
2026-08-14 21:59:58.104  INFO      lobx.market_data.collector  [BTCUSDT] heartbeat | bid=62928.48×1.4633  ask=62928.49×1.5583  spread=0.01  levels=9342 bid/5860 ask  synced=True
2026-08-14 22:00:28.112  INFO      lobx.market_data.collector  [BTCUSDT] heartbeat | bid=62928.48×5.9327  ask=62928.49×0.2585  spread=0.01  levels=9321 bid/5834 ask  synced=True
2026-08-14 22:00:58.123  INFO      lobx.market_data.collector  [BTCUSDT] heartbeat | bid=62935.99×2.3175  ask=62936.00×0.8243  spread=0.01  levels=9364 bid/5842 ask  synced=True
2026-08-14 22:01:28.139  INFO      lobx.market_data.collector  [BTCUSDT] heartbeat | bid=62935.99×2.6004  ask=62936.00×1.1866  spread=0.01  levels=9376 bid/5842 ask  synced=True
2026-08-14 22:01:58.157  INFO      lobx.market_data.collector  [BTCUSDT] heartbeat | bid=62943.67×3.2264  ask=62943.68×1.5973  spread=0.01  levels=9348 bid/5841 ask  synced=True
2026-08-14 22:02:28.166  INFO      lobx.market_data.collector  [BTCUSDT] heartbeat | bid=62953.29×2.2110  ask=62953.30×3.5841  spread=0.01  levels=9343 bid/5830 ask  synced=True
2026-08-14 22:02:58.179  INFO      lobx.market_data.collector  [BTCUSDT] heartbeat | bid=62953.59×4.1953  ask=62953.60×3.4544  spread=0.01  levels=9354 bid/5843 ask  synced=True
2026-08-14 22:03:28.192  INFO      lobx.market_data.collector  [BTCUSDT] heartbeat | bid=62957.27×2.9830  ask=62957.28×3.8093  spread=0.01  levels=9380 bid/5832 ask  synced=True
2026-08-14 22:03:58.196  INFO      lobx.market_data.collector  [BTCUSDT] heartbeat | bid=62950.58×1.7748  ask=62950.59×7.8961  spread=0.01  levels=9345 bid/5865 ask  synced=True
2026-08-14 22:04:28.210  INFO      lobx.market_data.collector  [BTCUSDT] heartbeat | bid=62942.29×0.0313  ask=62942.30×6.6029  spread=0.01  levels=9301 bid/5823 ask  synced=True
2026-08-14 22:04:58.221  INFO      lobx.market_data.collector  [BTCUSDT] heartbeat | bid=62939.35×3.1282  ask=62939.36×2.5341  spread=0.01  levels=9336 bid/5864 ask  synced=True
2026-08-14 22:05:28.232  INFO      lobx.market_data.collector  [BTCUSDT] heartbeat | bid=62943.63×3.6598  ask=62943.64×3.5087  spread=0.01  levels=9348 bid/5847 ask  synced=True
2026-08-14 22:05:58.240  INFO      lobx.market_data.collector  [BTCUSDT] heartbeat | bid=62943.63×3.3447  ask=62943.64×1.7745  spread=0.01  levels=9355 bid/5850 ask  synced=True
2026-08-14 22:06:28.246  INFO      lobx.market_data.collector  [BTCUSDT] heartbeat | bid=62943.63×3.2468  ask=62943.64×1.3324  spread=0.01  levels=9348 bid/5848 ask  synced=True
2026-08-14 22:06:58.253  INFO      lobx.market_data.collector  [BTCUSDT] heartbeat | bid=62940.15×1.5950  ask=62940.16×6.6041  spread=0.01  levels=9346 bid/5851 ask  synced=True
2026-08-14 22:07:28.266  INFO      lobx.market_data.collector  [BTCUSDT] heartbeat | bid=62916.00×0.8962  ask=62916.01×8.0864  spread=0.01  levels=9300 bid/5910 ask  synced=True
2026-08-14 22:07:58.280  INFO      lobx.market_data.collector  [BTCUSDT] heartbeat | bid=62900.90×3.1865  ask=62900.91×6.0023  spread=0.01  levels=9272 bid/5930 ask  synced=True
2026-08-14 22:08:28.290  INFO      lobx.market_data.collector  [BTCUSDT] heartbeat | bid=62907.83×4.7687  ask=62907.84×0.7585  spread=0.01  levels=9281 bid/5872 ask  synced=True
2026-08-14 22:08:58.301  INFO      lobx.market_data.collector  [BTCUSDT] heartbeat | bid=62910.35×4.5893  ask=62910.36×3.0191  spread=0.01  levels=9268 bid/5900 ask  synced=True
2026-08-14 22:09:28.316  INFO      lobx.market_data.collector  [BTCUSDT] heartbeat | bid=62910.35×4.9719  ask=62910.36×0.5843  spread=0.01  levels=9266 bid/5896 ask  synced=True
2026-08-14 22:09:58.332  INFO      lobx.market_data.collector  [BTCUSDT] heartbeat | bid=62898.00×6.6391  ask=62898.01×0.4178  spread=0.01  levels=9245 bid/5937 ask  synced=True
2026-08-14 22:10:28.342  INFO      lobx.market_data.collector  [BTCUSDT] heartbeat | bid=62900.20×2.4395  ask=62900.21×6.8380  spread=0.01  levels=9268 bid/5934 ask  synced=True
2026-08-14 22:10:58.348  INFO      lobx.market_data.collector  [BTCUSDT] heartbeat | bid=62885.22×2.0238  ask=62885.23×4.2239  spread=0.01  levels=9217 bid/5955 ask  synced=True
2026-08-14 22:11:28.351  INFO      lobx.market_data.collector  [BTCUSDT] heartbeat | bid=62880.00×0.5716  ask=62880.01×5.1084  spread=0.01  levels=9227 bid/5973 ask  synced=True
2026-08-14 22:11:58.356  INFO      lobx.market_data.collector  [BTCUSDT] heartbeat | bid=62841.99×7.8906  ask=62842.00×0.9511  spread=0.01  levels=9185 bid/5956 ask  synced=True
2026-08-14 22:12:28.361  INFO      lobx.market_data.collector  [BTCUSDT] heartbeat | bid=62857.29×0.2033  ask=62857.30×9.2491  spread=0.01  levels=9225 bid/5915 ask  synced=True
2026-08-14 22:12:58.372  INFO      lobx.market_data.collector  [BTCUSDT] heartbeat | bid=62841.55×2.2064  ask=62841.56×2.7191  spread=0.01  levels=9173 bid/5949 ask  synced=True
2026-08-14 22:13:28.378  INFO      lobx.market_data.collector  [BTCUSDT] heartbeat | bid=62843.58×3.7643  ask=62843.59×3.5402  spread=0.01  levels=9202 bid/5983 ask  synced=True
2026-08-14 22:13:58.383  INFO      lobx.market_data.collector  [BTCUSDT] heartbeat | bid=62843.58×4.0026  ask=62843.59×2.6387  spread=0.01  levels=9216 bid/5990 ask  synced=True
2026-08-14 22:14:28.394  INFO      lobx.market_data.collector  [BTCUSDT] heartbeat | bid=62844.00×0.6298  ask=62844.01×9.3292  spread=0.01  levels=9202 bid/5987 ask  synced=True
2026-08-14 22:14:58.404  INFO      lobx.market_data.collector  [BTCUSDT] heartbeat | bid=62833.33×0.0220  ask=62833.34×6.8568  spread=0.01  levels=9173 bid/5984 ask  synced=True
2026-08-14 22:15:28.421  INFO      lobx.market_data.collector  [BTCUSDT] heartbeat | bid=62834.48×4.6710  ask=62834.49×1.7530  spread=0.01  levels=9201 bid/6001 ask  synced=True
2026-08-14 22:15:58.435  INFO      lobx.market_data.collector  [BTCUSDT] heartbeat | bid=62808.11×4.9262  ask=62808.12×2.2064  spread=0.01  levels=9033 bid/6091 ask  synced=True
2026-08-14 22:16:28.445  INFO      lobx.market_data.collector  [BTCUSDT] heartbeat | bid=62807.55×1.9500  ask=62807.56×2.8516  spread=0.01  levels=9065 bid/6164 ask  synced=True
2026-08-14 22:16:58.459  INFO      lobx.market_data.collector  [BTCUSDT] heartbeat | bid=62804.29×0.1731  ask=62804.30×7.1238  spread=0.01  levels=9028 bid/6161 ask  synced=True
2026-08-14 22:17:28.474  INFO      lobx.market_data.collector  [BTCUSDT] heartbeat | bid=62800.00×3.7451  ask=62800.01×6.8927  spread=0.01  levels=8998 bid/6147 ask  synced=True
2026-08-14 22:17:58.476  INFO      lobx.market_data.collector  [BTCUSDT] heartbeat | bid=62800.00×3.6273  ask=62800.01×6.5400  spread=0.01  levels=9008 bid/6137 ask  synced=True
2026-08-14 22:18:28.488  INFO      lobx.market_data.collector  [BTCUSDT] heartbeat | bid=62801.99×5.1028  ask=62802.00×1.7336  spread=0.01  levels=9042 bid/6150 ask  synced=True
2026-08-14 22:18:58.495  INFO      lobx.market_data.collector  [BTCUSDT] heartbeat | bid=62815.14×4.5511  ask=62815.15×2.6550  spread=0.01  levels=9086 bid/6116 ask  synced=True
2026-08-14 22:19:28.505  INFO      lobx.market_data.collector  [BTCUSDT] heartbeat | bid=62830.80×6.5363  ask=62830.81×0.6113  spread=0.01  levels=9141 bid/6085 ask  synced=True
2026-08-14 22:19:58.511  INFO      lobx.market_data.collector  [BTCUSDT] heartbeat | bid=62834.48×5.9934  ask=62834.49×1.3502  spread=0.01  levels=9153 bid/6080 ask  synced=True
2026-08-14 22:20:28.522  INFO      lobx.market_data.collector  [BTCUSDT] heartbeat | bid=62834.48×3.2040  ask=62834.49×3.9686  spread=0.01  levels=9135 bid/6073 ask  synced=True
2026-08-14 22:20:58.538  INFO      lobx.market_data.collector  [BTCUSDT] heartbeat | bid=62834.48×3.3527  ask=62834.49×3.2398  spread=0.01  levels=9138 bid/6077 ask  synced=True
2026-08-14 22:21:28.554  INFO      lobx.market_data.collector  [BTCUSDT] heartbeat | bid=62834.48×3.3193  ask=62834.49×2.3396  spread=0.01  levels=9134 bid/6087 ask  synced=True
2026-08-14 22:21:58.568  INFO      lobx.market_data.collector  [BTCUSDT] heartbeat | bid=62837.38×9.1720  ask=62837.39×0.5626  spread=0.01  levels=9148 bid/6073 ask  synced=True
2026-08-14 22:22:28.576  INFO      lobx.market_data.collector  [BTCUSDT] heartbeat | bid=62840.15×8.8210  ask=62840.16×0.5942  spread=0.01  levels=9161 bid/6073 ask  synced=True
2026-08-14 22:22:58.594  INFO      lobx.market_data.collector  [BTCUSDT] heartbeat | bid=62840.15×3.5310  ask=62840.16×4.1230  spread=0.01  levels=9158 bid/6072 ask  synced=True
2026-08-14 22:23:28.605  INFO      lobx.market_data.collector  [BTCUSDT] heartbeat | bid=62840.15×1.6041  ask=62840.16×3.6530  spread=0.01  levels=9156 bid/6081 ask  synced=True
2026-08-14 22:23:58.612  INFO      lobx.market_data.collector  [BTCUSDT] heartbeat | bid=62840.14×1.4002  ask=62840.15×7.9081  spread=0.01  levels=9161 bid/6079 ask  synced=True
2026-08-14 22:24:28.618  INFO      lobx.market_data.collector  [BTCUSDT] heartbeat | bid=62819.87×5.8832  ask=62819.88×1.5627  spread=0.01  levels=9111 bid/6118 ask  synced=True
2026-08-14 22:24:58.633  INFO      lobx.market_data.collector  [BTCUSDT] heartbeat | bid=62833.99×7.8650  ask=62834.00×0.5384  spread=0.01  levels=9139 bid/6100 ask  synced=True
2026-08-14 22:25:28.639  INFO      lobx.market_data.collector  [BTCUSDT] heartbeat | bid=62823.99×2.2573  ask=62824.00×6.1331  spread=0.01  levels=9113 bid/6124 ask  synced=True
2026-08-14 22:25:58.656  INFO      lobx.market_data.collector  [BTCUSDT] heartbeat | bid=62823.99×1.2969  ask=62824.00×5.0052  spread=0.01  levels=9123 bid/6122 ask  synced=True
2026-08-14 22:26:28.661  INFO      lobx.market_data.collector  [BTCUSDT] heartbeat | bid=62823.99×1.4621  ask=62824.00×4.8596  spread=0.01  levels=9133 bid/6122 ask  synced=True
2026-08-14 22:26:58.677  INFO      lobx.market_data.collector  [BTCUSDT] heartbeat | bid=62823.99×1.5485  ask=62824.00×4.7933  spread=0.01  levels=9110 bid/6122 ask  synced=True
2026-08-14 22:27:28.687  INFO      lobx.market_data.collector  [BTCUSDT] heartbeat | bid=62823.99×2.0064  ask=62824.00×3.3369  spread=0.01  levels=9116 bid/6120 ask  synced=True
2026-08-14 22:27:58.696  INFO      lobx.market_data.collector  [BTCUSDT] heartbeat | bid=62823.99×5.4264  ask=62824.00×1.5934  spread=0.01  levels=9125 bid/6126 ask  synced=True
2026-08-14 22:28:28.706  INFO      lobx.market_data.collector  [BTCUSDT] heartbeat | bid=62823.99×2.8962  ask=62824.00×1.9974  spread=0.01  levels=9121 bid/6130 ask  synced=True
2026-08-14 22:28:58.710  INFO      lobx.market_data.collector  [BTCUSDT] heartbeat | bid=62823.99×2.7533  ask=62824.00×1.5880  spread=0.01  levels=9121 bid/6126 ask  synced=True
2026-08-14 22:29:28.721  INFO      lobx.market_data.collector  [BTCUSDT] heartbeat | bid=62823.99×2.7498  ask=62824.00×2.4245  spread=0.01  levels=9117 bid/6125 ask  synced=True
2026-08-14 22:29:58.733  INFO      lobx.market_data.collector  [BTCUSDT] heartbeat | bid=62823.99×1.5662  ask=62824.00×3.4286  spread=0.01  levels=9140 bid/6150 ask  synced=True
2026-08-14 22:30:28.740  INFO      lobx.market_data.collector  [BTCUSDT] heartbeat | bid=62831.90×13.1336  ask=62831.91×1.0819  spread=0.01  levels=9171 bid/6114 ask  synced=True
2026-08-14 22:30:58.743  INFO      lobx.market_data.collector  [BTCUSDT] heartbeat | bid=62836.00×1.0242  ask=62836.01×6.8755  spread=0.01  levels=9154 bid/6114 ask  synced=True
2026-08-14 22:31:28.757  INFO      lobx.market_data.collector  [BTCUSDT] heartbeat | bid=62871.40×2.4607  ask=62871.41×4.0217  spread=0.01  levels=9254 bid/6089 ask  synced=True
2026-08-14 22:31:58.760  INFO      lobx.market_data.collector  [BTCUSDT] heartbeat | bid=62871.40×1.5362  ask=62871.41×4.2003  spread=0.01  levels=9251 bid/6085 ask  synced=True
2026-08-14 22:32:28.774  INFO      lobx.market_data.collector  [BTCUSDT] heartbeat | bid=62853.04×2.3084  ask=62853.05×5.8159  spread=0.01  levels=9200 bid/6138 ask  synced=True
2026-08-14 22:32:58.785  INFO      lobx.market_data.collector  [BTCUSDT] heartbeat | bid=62848.01×0.2363  ask=62848.02×7.4136  spread=0.01  levels=9196 bid/6150 ask  synced=True
2026-08-14 22:33:28.794  INFO      lobx.market_data.collector  [BTCUSDT] heartbeat | bid=62860.15×1.0302  ask=62860.16×4.7806  spread=0.01  levels=9246 bid/6085 ask  synced=True
2026-08-14 22:33:58.811  INFO      lobx.market_data.collector  [BTCUSDT] heartbeat | bid=62857.99×1.0380  ask=62858.00×7.7622  spread=0.01  levels=9241 bid/6090 ask  synced=True
2026-08-14 22:34:28.826  INFO      lobx.market_data.collector  [BTCUSDT] heartbeat | bid=62859.65×4.8312  ask=62859.66×0.4460  spread=0.01  levels=9255 bid/6102 ask  synced=True
2026-08-14 22:34:58.835  INFO      lobx.market_data.collector  [BTCUSDT] heartbeat | bid=62869.08×6.3446  ask=62869.09×2.9842  spread=0.01  levels=9263 bid/6088 ask  synced=True
2026-08-14 22:35:28.846  INFO      lobx.market_data.collector  [BTCUSDT] heartbeat | bid=62869.08×6.4274  ask=62869.09×1.8752  spread=0.01  levels=9254 bid/6091 ask  synced=True
2026-08-14 22:35:58.858  INFO      lobx.market_data.collector  [BTCUSDT] heartbeat | bid=62869.21×6.2143  ask=62869.22×1.0124  spread=0.01  levels=9258 bid/6088 ask  synced=True
2026-08-14 22:36:28.864  INFO      lobx.market_data.collector  [BTCUSDT] heartbeat | bid=62871.14×4.7145  ask=62871.15×3.8605  spread=0.01  levels=9281 bid/6094 ask  synced=True
2026-08-14 22:36:58.870  INFO      lobx.market_data.collector  [BTCUSDT] heartbeat | bid=62876.96×5.9811  ask=62876.97×3.1771  spread=0.01  levels=9304 bid/6062 ask  synced=True
2026-08-14 22:37:28.881  INFO      lobx.market_data.collector  [BTCUSDT] heartbeat | bid=62876.96×5.9520  ask=62876.97×3.2073  spread=0.01  levels=9312 bid/6063 ask  synced=True
2026-08-14 22:37:58.889  INFO      lobx.market_data.collector  [BTCUSDT] heartbeat | bid=62876.96×5.7298  ask=62876.97×3.8557  spread=0.01  levels=9317 bid/6079 ask  synced=True
2026-08-14 22:38:28.901  INFO      lobx.market_data.collector  [BTCUSDT] heartbeat | bid=62877.31×6.4275  ask=62877.32×4.0414  spread=0.01  levels=9317 bid/6073 ask  synced=True
2026-08-14 22:38:58.913  INFO      lobx.market_data.collector  [BTCUSDT] heartbeat | bid=62877.31×3.6562  ask=62877.32×3.8039  spread=0.01  levels=9321 bid/6083 ask  synced=True
2026-08-14 22:39:28.929  INFO      lobx.market_data.collector  [BTCUSDT] heartbeat | bid=62877.31×4.7006  ask=62877.32×2.8264  spread=0.01  levels=9333 bid/6087 ask  synced=True
2026-08-14 22:39:58.935  INFO      lobx.market_data.collector  [BTCUSDT] heartbeat | bid=62877.90×8.0070  ask=62877.91×0.4361  spread=0.01  levels=9310 bid/6051 ask  synced=True
2026-08-14 22:40:28.947  INFO      lobx.market_data.collector  [BTCUSDT] heartbeat | bid=62877.90×3.1354  ask=62877.91×3.7894  spread=0.01  levels=9342 bid/6090 ask  synced=True
2026-08-14 22:40:58.955  INFO      lobx.market_data.collector  [BTCUSDT] heartbeat | bid=62877.90×4.2935  ask=62877.91×2.1932  spread=0.01  levels=9343 bid/6088 ask  synced=True
2026-08-14 22:41:28.966  INFO      lobx.market_data.collector  [BTCUSDT] heartbeat | bid=62877.90×3.8903  ask=62877.91×4.2215  spread=0.01  levels=9343 bid/6087 ask  synced=True
2026-08-14 22:41:58.984  INFO      lobx.market_data.collector  [BTCUSDT] heartbeat | bid=62877.90×4.9784  ask=62877.91×0.1559  spread=0.01  levels=9250 bid/5996 ask  synced=True
2026-08-14 22:42:28.991  INFO      lobx.market_data.collector  [BTCUSDT] heartbeat | bid=62883.99×6.8826  ask=62884.00×0.9224  spread=0.01  levels=9261 bid/5985 ask  synced=True
2026-08-14 22:42:59.008  INFO      lobx.market_data.collector  [BTCUSDT] heartbeat | bid=62883.99×5.8966  ask=62884.00×2.8586  spread=0.01  levels=9265 bid/5988 ask  synced=True
2026-08-14 22:43:29.015  INFO      lobx.market_data.collector  [BTCUSDT] heartbeat | bid=62883.99×6.1716  ask=62884.00×2.0078  spread=0.01  levels=9265 bid/5987 ask  synced=True
2026-08-14 22:43:59.022  INFO      lobx.market_data.collector  [BTCUSDT] heartbeat | bid=62883.99×5.5047  ask=62884.00×4.0672  spread=0.01  levels=9279 bid/5992 ask  synced=True
2026-08-14 22:44:29.032  INFO      lobx.market_data.collector  [BTCUSDT] heartbeat | bid=62883.99×5.6748  ask=62884.00×1.7371  spread=0.01  levels=9278 bid/5989 ask  synced=True
2026-08-14 22:44:59.036  INFO      lobx.market_data.collector  [BTCUSDT] heartbeat | bid=62883.99×5.9624  ask=62884.00×3.1136  spread=0.01  levels=9290 bid/6000 ask  synced=True
2026-08-14 22:45:29.053  INFO      lobx.market_data.collector  [BTCUSDT] heartbeat | bid=62891.99×6.0735  ask=62892.00×0.3888  spread=0.01  levels=9275 bid/5940 ask  synced=True
2026-08-14 22:45:59.070  INFO      lobx.market_data.collector  [BTCUSDT] heartbeat | bid=62894.75×8.1666  ask=62894.76×1.1368  spread=0.01  levels=9313 bid/5984 ask  synced=True
2026-08-14 22:46:29.076  INFO      lobx.market_data.collector  [BTCUSDT] heartbeat | bid=62884.06×1.5703  ask=62884.07×5.3668  spread=0.01  levels=9249 bid/5960 ask  synced=True
2026-08-14 22:46:59.081  INFO      lobx.market_data.collector  [BTCUSDT] heartbeat | bid=62884.06×0.1693  ask=62884.07×4.2618  spread=0.01  levels=9247 bid/5967 ask  synced=True
2026-08-14 22:47:29.090  INFO      lobx.market_data.collector  [BTCUSDT] heartbeat | bid=62880.35×3.5270  ask=62880.36×5.6875  spread=0.01  levels=9239 bid/5978 ask  synced=True
2026-08-14 22:47:59.106  INFO      lobx.market_data.collector  [BTCUSDT] heartbeat | bid=62880.35×3.5005  ask=62880.36×4.4683  spread=0.01  levels=9234 bid/5978 ask  synced=True
2026-08-14 22:48:29.121  INFO      lobx.market_data.collector  [BTCUSDT] heartbeat | bid=62880.35×1.0994  ask=62880.36×4.4168  spread=0.01  levels=9273 bid/6016 ask  synced=True
2026-08-14 22:48:59.127  INFO      lobx.market_data.collector  [BTCUSDT] heartbeat | bid=62880.35×1.8561  ask=62880.36×4.3734  spread=0.01  levels=9280 bid/6022 ask  synced=True
2026-08-14 22:49:29.133  INFO      lobx.market_data.collector  [BTCUSDT] heartbeat | bid=62880.35×3.5715  ask=62880.36×2.7755  spread=0.01  levels=9276 bid/6019 ask  synced=True
2026-08-14 22:49:59.149  INFO      lobx.market_data.collector  [BTCUSDT] heartbeat | bid=62880.35×2.8901  ask=62880.36×3.2761  spread=0.01  levels=9279 bid/6022 ask  synced=True
2026-08-14 22:50:29.158  INFO      lobx.market_data.collector  [BTCUSDT] heartbeat | bid=62880.35×4.2379  ask=62880.36×2.8909  spread=0.01  levels=9275 bid/6025 ask  synced=True
2026-08-14 22:50:59.177  INFO      lobx.market_data.collector  [BTCUSDT] heartbeat | bid=62880.35×4.1557  ask=62880.36×2.2587  spread=0.01  levels=9278 bid/6021 ask  synced=True
2026-08-14 22:51:29.181  INFO      lobx.market_data.collector  [BTCUSDT] heartbeat | bid=62880.35×4.1424  ask=62880.36×1.8328  spread=0.01  levels=9279 bid/6021 ask  synced=True
2026-08-14 22:51:59.187  INFO      lobx.market_data.collector  [BTCUSDT] heartbeat | bid=62880.35×3.6612  ask=62880.36×3.0093  spread=0.01  levels=9280 bid/6017 ask  synced=True
2026-08-14 22:52:29.197  INFO      lobx.market_data.collector  [BTCUSDT] heartbeat | bid=62880.35×4.0889  ask=62880.36×3.3289  spread=0.01  levels=9279 bid/6019 ask  synced=True
2026-08-14 22:52:59.204  INFO      lobx.market_data.collector  [BTCUSDT] heartbeat | bid=62880.35×0.4752  ask=62880.36×4.1532  spread=0.01  levels=9283 bid/6018 ask  synced=True
2026-08-14 22:53:29.221  INFO      lobx.market_data.collector  [BTCUSDT] heartbeat | bid=62885.85×5.0367  ask=62885.86×3.2527  spread=0.01  levels=9300 bid/6021 ask  synced=True
2026-08-14 22:53:59.236  INFO      lobx.market_data.collector  [BTCUSDT] heartbeat | bid=62885.85×5.6406  ask=62885.86×4.1442  spread=0.01  levels=9293 bid/6021 ask  synced=True
2026-08-14 22:54:29.246  INFO      lobx.market_data.collector  [BTCUSDT] heartbeat | bid=62885.85×5.6635  ask=62885.86×3.3309  spread=0.01  levels=9368 bid/6096 ask  synced=True
2026-08-14 22:54:59.261  INFO      lobx.market_data.collector  [BTCUSDT] heartbeat | bid=62880.34×4.2670  ask=62880.35×2.5808  spread=0.01  levels=9350 bid/6099 ask  synced=True
2026-08-14 22:55:29.276  INFO      lobx.market_data.collector  [BTCUSDT] heartbeat | bid=62874.00×0.2102  ask=62874.01×9.5126  spread=0.01  levels=9326 bid/6106 ask  synced=True
2026-08-14 22:55:59.288  INFO      lobx.market_data.collector  [BTCUSDT] heartbeat | bid=62870.60×0.2213  ask=62870.61×9.1372  spread=0.01  levels=9334 bid/6137 ask  synced=True
2026-08-14 22:56:29.299  INFO      lobx.market_data.collector  [BTCUSDT] heartbeat | bid=62868.53×0.3342  ask=62868.54×5.2800  spread=0.01  levels=9336 bid/6136 ask  synced=True
2026-08-14 22:56:59.304  INFO      lobx.market_data.collector  [BTCUSDT] heartbeat | bid=62868.53×3.7216  ask=62868.54×3.9091  spread=0.01  levels=9316 bid/6129 ask  synced=True
2026-08-14 22:57:29.310  INFO      lobx.market_data.collector  [BTCUSDT] heartbeat | bid=62883.99×6.7845  ask=62884.00×2.3480  spread=0.01  levels=9350 bid/6096 ask  synced=True
2026-08-14 22:57:59.322  INFO      lobx.market_data.collector  [BTCUSDT] heartbeat | bid=62883.99×7.2746  ask=62884.00×2.2777  spread=0.01  levels=9355 bid/6098 ask  synced=True
2026-08-14 22:58:29.329  INFO      lobx.market_data.collector  [BTCUSDT] heartbeat | bid=62883.99×4.3496  ask=62884.00×3.1172  spread=0.01  levels=9347 bid/6108 ask  synced=True
2026-08-14 22:58:59.342  INFO      lobx.market_data.collector  [BTCUSDT] heartbeat | bid=62890.66×4.7034  ask=62890.67×4.0677  spread=0.01  levels=9361 bid/6093 ask  synced=True
2026-08-14 22:59:29.349  INFO      lobx.market_data.collector  [BTCUSDT] heartbeat | bid=62890.66×2.1883  ask=62890.67×3.8289  spread=0.01  levels=9371 bid/6088 ask  synced=True
2026-08-14 22:59:59.358  INFO      lobx.market_data.collector  [BTCUSDT] heartbeat | bid=62886.87×0.7947  ask=62886.88×8.2051  spread=0.01  levels=9374 bid/6097 ask  synced=True
2026-08-14 23:00:29.370  INFO      lobx.market_data.collector  [BTCUSDT] heartbeat | bid=62886.87×8.0246  ask=62886.88×1.7035  spread=0.01  levels=9377 bid/6120 ask  synced=True
2026-08-14 23:00:59.374  INFO      lobx.market_data.collector  [BTCUSDT] heartbeat | bid=62886.87×8.2201  ask=62886.88×1.6400  spread=0.01  levels=9359 bid/6128 ask  synced=True
2026-08-14 23:01:29.390  INFO      lobx.market_data.collector  [BTCUSDT] heartbeat | bid=62891.99×10.9909  ask=62892.00×1.6833  spread=0.01  levels=9366 bid/6104 ask  synced=True
2026-08-14 23:01:59.398  INFO      lobx.market_data.collector  [BTCUSDT] heartbeat | bid=62891.99×10.5247  ask=62892.00×1.2480  spread=0.01  levels=9365 bid/6102 ask  synced=True
2026-08-14 23:02:29.403  INFO      lobx.market_data.collector  [BTCUSDT] heartbeat | bid=62891.99×9.4179  ask=62892.00×1.9451  spread=0.01  levels=9373 bid/6102 ask  synced=True
2026-08-14 23:02:59.416  INFO      lobx.market_data.collector  [BTCUSDT] heartbeat | bid=62887.45×1.6378  ask=62887.46×7.7559  spread=0.01  levels=9360 bid/6107 ask  synced=True
2026-08-14 23:03:29.422  INFO      lobx.market_data.collector  [BTCUSDT] heartbeat | bid=62887.45×2.5482  ask=62887.46×7.3098  spread=0.01  levels=9379 bid/6109 ask  synced=True
2026-08-14 23:03:59.436  INFO      lobx.market_data.collector  [BTCUSDT] heartbeat | bid=62887.45×2.4631  ask=62887.46×7.3535  spread=0.01  levels=9376 bid/6107 ask  synced=True
2026-08-14 23:04:29.453  INFO      lobx.market_data.collector  [BTCUSDT] heartbeat | bid=62887.45×2.8219  ask=62887.46×7.1883  spread=0.01  levels=9380 bid/6107 ask  synced=True
2026-08-14 23:04:59.456  INFO      lobx.market_data.collector  [BTCUSDT] heartbeat | bid=62887.45×3.8603  ask=62887.46×4.7015  spread=0.01  levels=9389 bid/6110 ask  synced=True
2026-08-14 23:05:29.463  INFO      lobx.market_data.collector  [BTCUSDT] heartbeat | bid=62887.45×4.1533  ask=62887.46×3.5709  spread=0.01  levels=9390 bid/6108 ask  synced=True
2026-08-14 23:05:59.468  INFO      lobx.market_data.collector  [BTCUSDT] heartbeat | bid=62887.45×3.6978  ask=62887.46×3.5374  spread=0.01  levels=9388 bid/6107 ask  synced=True
2026-08-14 23:06:29.473  INFO      lobx.market_data.collector  [BTCUSDT] heartbeat | bid=62887.45×3.3712  ask=62887.46×3.4778  spread=0.01  levels=9385 bid/6111 ask  synced=True
2026-08-14 23:06:59.490  INFO      lobx.market_data.collector  [BTCUSDT] heartbeat | bid=62887.45×3.4945  ask=62887.46×2.8585  spread=0.01  levels=9378 bid/6112 ask  synced=True
2026-08-14 23:07:29.502  INFO      lobx.market_data.collector  [BTCUSDT] heartbeat | bid=62887.45×4.5543  ask=62887.46×2.1298  spread=0.01  levels=9381 bid/6114 ask  synced=True
2026-08-14 23:07:59.518  INFO      lobx.market_data.collector  [BTCUSDT] heartbeat | bid=62891.08×7.1836  ask=62891.09×0.4818  spread=0.01  levels=9394 bid/6117 ask  synced=True
2026-08-14 23:08:29.521  INFO      lobx.market_data.collector  [BTCUSDT] heartbeat | bid=62893.49×8.0029  ask=62893.50×0.7486  spread=0.01  levels=9395 bid/6102 ask  synced=True
2026-08-14 23:08:59.532  INFO      lobx.market_data.collector  [BTCUSDT] heartbeat | bid=62893.49×8.5024  ask=62893.50×1.3819  spread=0.01  levels=9391 bid/6112 ask  synced=True
2026-08-14 23:09:29.539  INFO      lobx.market_data.collector  [BTCUSDT] heartbeat | bid=62893.49×3.8667  ask=62893.50×3.5031  spread=0.01  levels=9396 bid/6112 ask  synced=True
2026-08-14 23:09:59.544  INFO      lobx.market_data.collector  [BTCUSDT] heartbeat | bid=62893.49×5.1557  ask=62893.50×1.2296  spread=0.01  levels=9401 bid/6113 ask  synced=True
2026-08-14 23:10:29.551  INFO      lobx.market_data.collector  [BTCUSDT] heartbeat | bid=62894.56×7.6153  ask=62894.57×0.8112  spread=0.01  levels=9408 bid/6103 ask  synced=True
2026-08-14 23:10:59.569  INFO      lobx.market_data.collector  [BTCUSDT] heartbeat | bid=62895.87×7.4176  ask=62895.88×0.3038  spread=0.01  levels=9410 bid/6105 ask  synced=True
2026-08-14 23:11:29.578  INFO      lobx.market_data.collector  [BTCUSDT] heartbeat | bid=62902.69×5.7353  ask=62902.70×0.6602  spread=0.01  levels=9426 bid/6102 ask  synced=True
2026-08-14 23:11:59.590  INFO      lobx.market_data.collector  [BTCUSDT] heartbeat | bid=62902.69×5.7993  ask=62902.70×0.4527  spread=0.01  levels=9421 bid/6109 ask  synced=True
2026-08-14 23:12:29.602  INFO      lobx.market_data.collector  [BTCUSDT] heartbeat | bid=62907.22×8.0568  ask=62907.23×0.4281  spread=0.01  levels=9401 bid/6088 ask  synced=True
2026-08-14 23:12:59.617  INFO      lobx.market_data.collector  [BTCUSDT] heartbeat | bid=62914.04×8.7964  ask=62914.05×0.2374  spread=0.01  levels=9419 bid/6084 ask  synced=True
2026-08-14 23:13:29.622  INFO      lobx.market_data.collector  [BTCUSDT] heartbeat | bid=62919.99×7.2367  ask=62920.00×0.2492  spread=0.01  levels=9435 bid/6082 ask  synced=True
2026-08-14 23:13:59.634  INFO      lobx.market_data.collector  [BTCUSDT] heartbeat | bid=62923.09×7.2527  ask=62923.10×0.6378  spread=0.01  levels=9450 bid/6065 ask  synced=True
2026-08-14 23:14:29.639  INFO      lobx.market_data.collector  [BTCUSDT] heartbeat | bid=62929.99×8.1414  ask=62930.00×0.1986  spread=0.01  levels=9456 bid/6044 ask  synced=True
2026-08-14 23:14:59.643  INFO      lobx.market_data.collector  [BTCUSDT] heartbeat | bid=62929.99×1.9226  ask=62930.00×3.4470  spread=0.01  levels=9454 bid/6051 ask  synced=True
2026-08-14 23:15:29.645  INFO      lobx.market_data.collector  [BTCUSDT] heartbeat | bid=62937.55×8.5807  ask=62937.56×0.1112  spread=0.01  levels=9460 bid/6058 ask  synced=True
2026-08-14 23:15:59.661  INFO      lobx.market_data.collector  [BTCUSDT] heartbeat | bid=62939.99×1.0838  ask=62940.00×5.8429  spread=0.01  levels=9473 bid/6051 ask  synced=True
2026-08-14 23:16:29.678  INFO      lobx.market_data.collector  [BTCUSDT] heartbeat | bid=62918.00×2.2497  ask=62918.01×7.1509  spread=0.01  levels=9426 bid/6102 ask  synced=True
2026-08-14 23:16:59.689  INFO      lobx.market_data.collector  [BTCUSDT] heartbeat | bid=62925.90×7.2805  ask=62925.91×1.5790  spread=0.01  levels=9454 bid/6071 ask  synced=True
2026-08-14 23:17:29.704  INFO      lobx.market_data.collector  [BTCUSDT] heartbeat | bid=62919.77×0.1931  ask=62919.78×8.4838  spread=0.01  levels=9410 bid/6086 ask  synced=True
2026-08-14 23:17:59.717  INFO      lobx.market_data.collector  [BTCUSDT] heartbeat | bid=62908.43×5.7597  ask=62908.44×1.6127  spread=0.01  levels=9402 bid/6130 ask  synced=True
2026-08-14 23:18:29.725  INFO      lobx.market_data.collector  [BTCUSDT] heartbeat | bid=62908.43×3.8472  ask=62908.44×0.7389  spread=0.01  levels=9398 bid/6116 ask  synced=True
2026-08-14 23:18:59.729  INFO      lobx.market_data.collector  [BTCUSDT] heartbeat | bid=62908.43×4.4267  ask=62908.44×1.9945  spread=0.01  levels=9402 bid/6107 ask  synced=True
2026-08-14 23:19:29.736  INFO      lobx.market_data.collector  [BTCUSDT] heartbeat | bid=62915.07×6.8123  ask=62915.08×0.4973  spread=0.01  levels=9446 bid/6103 ask  synced=True
2026-08-14 23:19:59.742  INFO      lobx.market_data.collector  [BTCUSDT] heartbeat | bid=62891.11×1.6820  ask=62891.12×3.7661  spread=0.01  levels=9396 bid/6162 ask  synced=True
2026-08-14 23:20:29.756  INFO      lobx.market_data.collector  [BTCUSDT] heartbeat | bid=62880.00×0.8197  ask=62880.01×6.4447  spread=0.01  levels=9354 bid/6157 ask  synced=True
2026-08-14 23:20:59.765  INFO      lobx.market_data.collector  [BTCUSDT] heartbeat | bid=62876.00×0.2311  ask=62876.01×8.1692  spread=0.01  levels=9343 bid/6164 ask  synced=True
2026-08-14 23:21:29.767  INFO      lobx.market_data.collector  [BTCUSDT] heartbeat | bid=62865.03×1.4634  ask=62865.04×3.0690  spread=0.01  levels=9290 bid/6208 ask  synced=True
2026-08-14 23:21:59.779  INFO      lobx.market_data.collector  [BTCUSDT] heartbeat | bid=62872.00×3.5375  ask=62872.01×4.8435  spread=0.01  levels=9325 bid/6203 ask  synced=True
2026-08-14 23:22:29.786  INFO      lobx.market_data.collector  [BTCUSDT] heartbeat | bid=62900.44×2.1684  ask=62900.45×3.4898  spread=0.01  levels=9409 bid/6112 ask  synced=True
2026-08-14 23:22:59.787  INFO      lobx.market_data.collector  [BTCUSDT] heartbeat | bid=62900.44×2.1342  ask=62900.45×2.9822  spread=0.01  levels=9418 bid/6125 ask  synced=True
2026-08-14 23:23:29.804  INFO      lobx.market_data.collector  [BTCUSDT] heartbeat | bid=62905.99×5.0767  ask=62906.00×2.8433  spread=0.01  levels=9441 bid/6128 ask  synced=True
2026-08-14 23:23:59.811  INFO      lobx.market_data.collector  [BTCUSDT] heartbeat | bid=62941.80×2.9496  ask=62941.81×1.6213  spread=0.01  levels=9524 bid/6021 ask  synced=True
2026-08-14 23:24:29.826  INFO      lobx.market_data.collector  [BTCUSDT] heartbeat | bid=62956.32×4.4539  ask=62956.33×0.6733  spread=0.01  levels=9521 bid/6057 ask  synced=True
2026-08-14 23:24:59.833  INFO      lobx.market_data.collector  [BTCUSDT] heartbeat | bid=62956.80×2.3427  ask=62956.81×3.0251  spread=0.01  levels=9513 bid/6067 ask  synced=True
2026-08-14 23:25:29.840  INFO      lobx.market_data.collector  [BTCUSDT] heartbeat | bid=62945.48×3.2048  ask=62945.49×5.5718  spread=0.01  levels=9492 bid/6098 ask  synced=True
2026-08-14 23:25:59.852  INFO      lobx.market_data.collector  [BTCUSDT] heartbeat | bid=62940.41×0.2237  ask=62940.42×5.8299  spread=0.01  levels=9439 bid/6101 ask  synced=True
2026-08-14 23:26:29.862  INFO      lobx.market_data.collector  [BTCUSDT] heartbeat | bid=62934.50×1.3107  ask=62934.51×5.7341  spread=0.01  levels=9449 bid/6129 ask  synced=True
2026-08-14 23:26:59.876  INFO      lobx.market_data.collector  [BTCUSDT] heartbeat | bid=62937.01×5.4791  ask=62937.02×1.0507  spread=0.01  levels=9463 bid/6132 ask  synced=True
2026-08-14 23:27:29.891  INFO      lobx.market_data.collector  [BTCUSDT] heartbeat | bid=62937.01×3.7741  ask=62937.02×1.2076  spread=0.01  levels=9467 bid/6133 ask  synced=True
2026-08-14 23:27:59.901  INFO      lobx.market_data.collector  [BTCUSDT] heartbeat | bid=62937.01×4.1392  ask=62937.02×0.5996  spread=0.01  levels=9433 bid/6139 ask  synced=True
2026-08-14 23:28:29.907  INFO      lobx.market_data.collector  [BTCUSDT] heartbeat | bid=62937.01×3.3611  ask=62937.02×1.2456  spread=0.01  levels=9432 bid/6132 ask  synced=True
2026-08-14 23:28:59.913  INFO      lobx.market_data.collector  [BTCUSDT] heartbeat | bid=62945.68×8.3387  ask=62945.69×0.6155  spread=0.01  levels=9429 bid/6055 ask  synced=True
2026-08-14 23:29:29.926  INFO      lobx.market_data.collector  [BTCUSDT] heartbeat | bid=62945.68×8.3831  ask=62945.69×0.5467  spread=0.01  levels=9448 bid/6065 ask  synced=True
2026-08-14 23:29:59.934  INFO      lobx.market_data.collector  [BTCUSDT] heartbeat | bid=62948.10×7.0832  ask=62948.11×0.4899  spread=0.01  levels=9445 bid/6061 ask  synced=True
2026-08-14 23:30:29.941  INFO      lobx.market_data.collector  [BTCUSDT] heartbeat | bid=62952.74×4.9845  ask=62952.75×1.6414  spread=0.01  levels=9465 bid/6070 ask  synced=True
2026-08-14 23:30:59.943  INFO      lobx.market_data.collector  [BTCUSDT] heartbeat | bid=62954.34×5.1561  ask=62954.35×1.7634  spread=0.01  levels=9468 bid/6034 ask  synced=True
2026-08-14 23:31:29.960  INFO      lobx.market_data.collector  [BTCUSDT] heartbeat | bid=62954.34×5.0189  ask=62954.35×1.4566  spread=0.01  levels=9478 bid/6040 ask  synced=True
2026-08-14 23:31:59.962  INFO      lobx.market_data.collector  [BTCUSDT] heartbeat | bid=62956.80×8.7964  ask=62956.81×0.5507  spread=0.01  levels=9484 bid/6025 ask  synced=True
2026-08-14 23:32:29.977  INFO      lobx.market_data.collector  [BTCUSDT] heartbeat | bid=62959.55×0.3061  ask=62959.56×3.3381  spread=0.01  levels=9420 bid/6040 ask  synced=True
2026-08-14 23:32:59.983  INFO      lobx.market_data.collector  [BTCUSDT] heartbeat | bid=62959.55×3.5587  ask=62959.56×1.4510  spread=0.01  levels=9455 bid/6067 ask  synced=True
2026-08-14 23:33:29.987  INFO      lobx.market_data.collector  [BTCUSDT] heartbeat | bid=62959.55×2.9851  ask=62959.56×2.0928  spread=0.01  levels=9452 bid/6072 ask  synced=True
2026-08-14 23:33:59.999  INFO      lobx.market_data.collector  [BTCUSDT] heartbeat | bid=62959.55×2.3644  ask=62959.56×1.9728  spread=0.01  levels=9449 bid/6070 ask  synced=True
2026-08-14 23:34:30.009  INFO      lobx.market_data.collector  [BTCUSDT] heartbeat | bid=62956.80×0.3266  ask=62956.81×4.6530  spread=0.01  levels=9453 bid/6067 ask  synced=True
2026-08-14 23:35:00.017  INFO      lobx.market_data.collector  [BTCUSDT] heartbeat | bid=62929.85×2.2664  ask=62929.86×3.2832  spread=0.01  levels=9390 bid/6142 ask  synced=True
2026-08-14 23:35:30.024  INFO      lobx.market_data.collector  [BTCUSDT] heartbeat | bid=62926.46×0.2395  ask=62926.47×7.6706  spread=0.01  levels=9366 bid/6125 ask  synced=True
2026-08-14 23:36:00.038  INFO      lobx.market_data.collector  [BTCUSDT] heartbeat | bid=62923.03×0.8716  ask=62923.04×7.2637  spread=0.01  levels=9384 bid/6136 ask  synced=True
2026-08-14 23:36:30.053  INFO      lobx.market_data.collector  [BTCUSDT] heartbeat | bid=62920.00×0.0508  ask=62920.01×7.5744  spread=0.01  levels=9362 bid/6152 ask  synced=True
2026-08-14 23:37:00.056  INFO      lobx.market_data.collector  [BTCUSDT] heartbeat | bid=62941.63×0.4733  ask=62941.64×2.3629  spread=0.01  levels=9414 bid/6041 ask  synced=True
2026-08-14 23:37:30.069  INFO      lobx.market_data.collector  [BTCUSDT] heartbeat | bid=62938.00×1.0967  ask=62938.01×6.1838  spread=0.01  levels=9445 bid/6094 ask  synced=True
2026-08-14 23:38:00.074  INFO      lobx.market_data.collector  [BTCUSDT] heartbeat | bid=62940.28×5.4007  ask=62940.29×1.8578  spread=0.01  levels=9446 bid/6099 ask  synced=True
2026-08-14 23:38:30.083  INFO      lobx.market_data.collector  [BTCUSDT] heartbeat | bid=62946.77×6.2970  ask=62946.78×1.3807  spread=0.01  levels=9453 bid/6087 ask  synced=True
2026-08-14 23:39:00.092  INFO      lobx.market_data.collector  [BTCUSDT] heartbeat | bid=62968.49×5.1702  ask=62968.50×1.6457  spread=0.01  levels=9520 bid/6041 ask  synced=True
2026-08-14 23:39:30.102  INFO      lobx.market_data.collector  [BTCUSDT] heartbeat | bid=62970.01×7.5014  ask=62970.02×0.4404  spread=0.01  levels=9520 bid/6031 ask  synced=True
2026-08-14 23:40:00.116  INFO      lobx.market_data.collector  [BTCUSDT] heartbeat | bid=62979.99×7.8968  ask=62980.00×0.5122  spread=0.01  levels=9532 bid/6000 ask  synced=True
2026-08-14 23:40:30.133  INFO      lobx.market_data.collector  [BTCUSDT] heartbeat | bid=62979.99×8.2309  ask=62980.00×0.3747  spread=0.01  levels=9521 bid/6027 ask  synced=True
2026-08-14 23:41:00.138  INFO      lobx.market_data.collector  [BTCUSDT] heartbeat | bid=62991.99×1.2119  ask=62992.00×2.5178  spread=0.01  levels=9545 bid/5992 ask  synced=True
2026-08-14 23:41:30.146  INFO      lobx.market_data.collector  [BTCUSDT] heartbeat | bid=63005.37×3.2394  ask=63005.38×0.6940  spread=0.01  levels=9587 bid/5990 ask  synced=True
2026-08-14 23:42:00.150  INFO      lobx.market_data.collector  [BTCUSDT] heartbeat | bid=63029.52×1.6745  ask=63029.53×2.5016  spread=0.01  levels=9610 bid/5896 ask  synced=True
2026-08-14 23:42:30.162  INFO      lobx.market_data.collector  [BTCUSDT] heartbeat | bid=63029.52×8.1556  ask=63029.53×0.5484  spread=0.01  levels=9617 bid/5915 ask  synced=True
2026-08-14 23:43:00.178  INFO      lobx.market_data.collector  [BTCUSDT] heartbeat | bid=63009.28×0.8203  ask=63009.29×4.4498  spread=0.01  levels=9587 bid/5977 ask  synced=True
2026-08-14 23:43:30.187  INFO      lobx.market_data.collector  [BTCUSDT] heartbeat | bid=63021.48×6.5429  ask=63021.49×0.3238  spread=0.01  levels=9643 bid/5947 ask  synced=True
2026-08-14 23:44:00.195  INFO      lobx.market_data.collector  [BTCUSDT] heartbeat | bid=63017.46×0.2168  ask=63017.47×5.8586  spread=0.01  levels=9631 bid/5962 ask  synced=True
2026-08-14 23:44:30.199  INFO      lobx.market_data.collector  [BTCUSDT] heartbeat | bid=63016.19×0.7620  ask=63016.20×5.6543  spread=0.01  levels=9622 bid/5983 ask  synced=True
2026-08-14 23:45:00.205  INFO      lobx.market_data.collector  [BTCUSDT] heartbeat | bid=63008.88×5.7002  ask=63008.89×0.9938  spread=0.01  levels=9608 bid/5992 ask  synced=True
2026-08-14 23:45:30.210  INFO      lobx.market_data.collector  [BTCUSDT] heartbeat | bid=63011.32×2.8414  ask=63011.33×1.9708  spread=0.01  levels=9609 bid/5970 ask  synced=True
2026-08-14 23:46:00.213  INFO      lobx.market_data.collector  [BTCUSDT] heartbeat | bid=63017.13×3.9578  ask=63017.14×0.8036  spread=0.01  levels=9628 bid/5975 ask  synced=True
2026-08-14 23:46:30.226  INFO      lobx.market_data.collector  [BTCUSDT] heartbeat | bid=63021.99×0.2700  ask=63022.00×2.7157  spread=0.01  levels=9641 bid/5962 ask  synced=True
2026-08-14 23:47:00.236  INFO      lobx.market_data.collector  [BTCUSDT] heartbeat | bid=63017.13×3.2510  ask=63017.14×1.6997  spread=0.01  levels=9626 bid/5968 ask  synced=True
2026-08-14 23:47:30.238  INFO      lobx.market_data.collector  [BTCUSDT] heartbeat | bid=63017.13×3.5269  ask=63017.14×1.6788  spread=0.01  levels=9630 bid/5981 ask  synced=True
2026-08-14 23:48:00.249  INFO      lobx.market_data.collector  [BTCUSDT] heartbeat | bid=63017.13×0.1197  ask=63017.14×2.9850  spread=0.01  levels=9656 bid/6006 ask  synced=True
2026-08-14 23:48:30.253  INFO      lobx.market_data.collector  [BTCUSDT] heartbeat | bid=63033.32×7.6000  ask=63033.33×0.4907  spread=0.01  levels=9697 bid/5941 ask  synced=True
2026-08-14 23:49:00.267  INFO      lobx.market_data.collector  [BTCUSDT] heartbeat | bid=63049.99×1.6748  ask=63050.00×1.9778  spread=0.01  levels=9708 bid/5892 ask  synced=True
2026-08-14 23:49:30.279  INFO      lobx.market_data.collector  [BTCUSDT] heartbeat | bid=63056.94×2.3344  ask=63056.95×0.6333  spread=0.01  levels=9697 bid/5878 ask  synced=True
2026-08-14 23:50:00.285  INFO      lobx.market_data.collector  [BTCUSDT] heartbeat | bid=63054.76×1.0800  ask=63054.77×2.2826  spread=0.01  levels=9699 bid/5894 ask  synced=True
2026-08-14 23:50:30.289  INFO      lobx.market_data.collector  [BTCUSDT] heartbeat | bid=63048.23×0.2892  ask=63048.24×4.2038  spread=0.01  levels=9690 bid/5919 ask  synced=True
2026-08-14 23:51:00.299  INFO      lobx.market_data.collector  [BTCUSDT] heartbeat | bid=63024.00×0.0238  ask=63024.01×7.1040  spread=0.01  levels=9600 bid/5975 ask  synced=True
2026-08-14 23:51:30.308  INFO      lobx.market_data.collector  [BTCUSDT] heartbeat | bid=63023.23×3.5768  ask=63023.24×1.1787  spread=0.01  levels=9657 bid/5991 ask  synced=True
2026-08-14 23:52:00.324  INFO      lobx.market_data.collector  [BTCUSDT] heartbeat | bid=63023.23×3.3967  ask=63023.24×0.5524  spread=0.01  levels=9661 bid/5963 ask  synced=True
2026-08-14 23:52:30.341  INFO      lobx.market_data.collector  [BTCUSDT] heartbeat | bid=63025.76×9.7915  ask=63025.77×0.5017  spread=0.01  levels=9665 bid/5949 ask  synced=True
2026-08-14 23:53:00.345  INFO      lobx.market_data.collector  [BTCUSDT] heartbeat | bid=63051.89×6.1972  ask=63051.90×0.5198  spread=0.01  levels=9752 bid/5909 ask  synced=True
2026-08-14 23:53:30.349  INFO      lobx.market_data.collector  [BTCUSDT] heartbeat | bid=63064.85×0.2222  ask=63064.86×4.6635  spread=0.01  levels=9733 bid/5884 ask  synced=True
2026-08-14 23:54:00.354  INFO      lobx.market_data.collector  [BTCUSDT] heartbeat | bid=63051.15×0.2036  ask=63051.16×5.9117  spread=0.01  levels=9706 bid/5923 ask  synced=True
2026-08-14 23:54:30.358  INFO      lobx.market_data.collector  [BTCUSDT] heartbeat | bid=63051.15×0.2364  ask=63051.16×6.0039  spread=0.01  levels=9711 bid/5939 ask  synced=True
2026-08-14 23:55:00.361  INFO      lobx.market_data.collector  [BTCUSDT] heartbeat | bid=63047.53×0.1721  ask=63047.54×4.8497  spread=0.01  levels=9711 bid/5948 ask  synced=True
2026-08-14 23:55:30.370  INFO      lobx.market_data.collector  [BTCUSDT] heartbeat | bid=63046.00×0.8018  ask=63046.01×6.3471  spread=0.01  levels=9714 bid/5946 ask  synced=True
2026-08-14 23:56:00.378  INFO      lobx.market_data.collector  [BTCUSDT] heartbeat | bid=63040.32×2.4496  ask=63040.33×1.2831  spread=0.01  levels=9708 bid/5975 ask  synced=True
2026-08-14 23:56:30.382  INFO      lobx.market_data.collector  [BTCUSDT] heartbeat | bid=63040.32×2.4686  ask=63040.33×1.7876  spread=0.01  levels=9710 bid/5982 ask  synced=True
2026-08-14 23:57:00.386  INFO      lobx.market_data.collector  [BTCUSDT] heartbeat | bid=63040.32×2.3455  ask=63040.33×1.4578  spread=0.01  levels=9699 bid/5984 ask  synced=True
2026-08-14 23:57:30.394  INFO      lobx.market_data.collector  [BTCUSDT] heartbeat | bid=63040.32×3.5066  ask=63040.33×1.6366  spread=0.01  levels=9700 bid/5985 ask  synced=True
2026-08-14 23:58:00.401  INFO      lobx.market_data.collector  [BTCUSDT] heartbeat | bid=63040.01×2.0871  ask=63040.02×2.8953  spread=0.01  levels=9696 bid/5978 ask  synced=True
2026-08-14 23:58:30.412  INFO      lobx.market_data.collector  [BTCUSDT] heartbeat | bid=63040.01×2.5730  ask=63040.02×1.8538  spread=0.01  levels=9693 bid/5977 ask  synced=True
2026-08-14 23:59:00.419  INFO      lobx.market_data.collector  [BTCUSDT] heartbeat | bid=63040.00×0.1563  ask=63040.01×5.5845  spread=0.01  levels=9661 bid/5951 ask  synced=True
2026-08-14 23:59:30.427  INFO      lobx.market_data.collector  [BTCUSDT] heartbeat | bid=63040.87×7.5041  ask=63040.88×0.5170  spread=0.01  levels=9665 bid/5918 ask  synced=True
2026-08-15 00:00:00.440  INFO      lobx.market_data.collector  [BTCUSDT] heartbeat | bid=63043.55×4.5511  ask=63043.56×1.0838  spread=0.01  levels=9672 bid/5917 ask  synced=True
2026-08-15 00:00:30.447  INFO      lobx.market_data.collector  [BTCUSDT] heartbeat | bid=63040.33×0.0981  ask=63040.34×6.4116  spread=0.01  levels=9681 bid/5943 ask  synced=True
2026-08-15 00:01:00.464  INFO      lobx.market_data.collector  [BTCUSDT] heartbeat | bid=63034.00×0.5852  ask=63034.01×4.5833  spread=0.01  levels=9690 bid/5983 ask  synced=True
2026-08-15 00:01:30.480  INFO      lobx.market_data.collector  [BTCUSDT] heartbeat | bid=63034.00×2.5011  ask=63034.01×0.9036  spread=0.01  levels=9695 bid/6007 ask  synced=True
2026-08-15 00:02:00.492  INFO      lobx.market_data.collector  [BTCUSDT] heartbeat | bid=63044.36×6.7023  ask=63044.37×1.0227  spread=0.01  levels=9721 bid/5973 ask  synced=True
2026-08-15 00:02:30.505  INFO      lobx.market_data.collector  [BTCUSDT] heartbeat | bid=63058.14×5.7997  ask=63058.15×1.5781  spread=0.01  levels=9776 bid/5949 ask  synced=True
2026-08-15 00:03:00.514  INFO      lobx.market_data.collector  [BTCUSDT] heartbeat | bid=63056.63×0.2763  ask=63056.64×6.6963  spread=0.01  levels=9788 bid/5962 ask  synced=True
2026-08-15 00:03:30.527  INFO      lobx.market_data.collector  [BTCUSDT] heartbeat | bid=63043.28×0.2039  ask=63043.29×3.6130  spread=0.01  levels=9730 bid/5971 ask  synced=True
2026-08-15 00:04:00.532  INFO      lobx.market_data.collector  [BTCUSDT] heartbeat | bid=63036.00×0.3849  ask=63036.01×5.7325  spread=0.01  levels=9698 bid/5958 ask  synced=True
2026-08-15 00:04:30.536  INFO      lobx.market_data.collector  [BTCUSDT] heartbeat | bid=63036.00×1.7353  ask=63036.01×4.0020  spread=0.01  levels=9701 bid/5966 ask  synced=True
2026-08-15 00:05:00.550  INFO      lobx.market_data.collector  [BTCUSDT] heartbeat | bid=63026.07×0.2659  ask=63026.08×6.0151  spread=0.01  levels=9680 bid/6001 ask  synced=True
2026-08-15 00:05:30.564  INFO      lobx.market_data.collector  [BTCUSDT] heartbeat | bid=63025.56×0.1773  ask=63025.57×4.7254  spread=0.01  levels=9688 bid/6015 ask  synced=True
2026-08-15 00:06:00.568  INFO      lobx.market_data.collector  [BTCUSDT] heartbeat | bid=63025.00×1.3880  ask=63025.01×5.5034  spread=0.01  levels=9689 bid/6017 ask  synced=True
2026-08-15 00:06:30.575  INFO      lobx.market_data.collector  [BTCUSDT] heartbeat | bid=63012.00×0.1300  ask=63012.01×6.7905  spread=0.01  levels=9672 bid/6047 ask  synced=True
2026-08-15 00:07:00.585  INFO      lobx.market_data.collector  [BTCUSDT] heartbeat | bid=63013.39×6.0912  ask=63013.40×1.8488  spread=0.01  levels=9670 bid/6054 ask  synced=True
2026-08-15 00:07:30.593  INFO      lobx.market_data.collector  [BTCUSDT] heartbeat | bid=63013.39×3.7424  ask=63013.40×2.2710  spread=0.01  levels=9677 bid/6053 ask  synced=True
2026-08-15 00:08:00.608  INFO      lobx.market_data.collector  [BTCUSDT] heartbeat | bid=63013.39×2.2376  ask=63013.40×2.1809  spread=0.01  levels=9664 bid/6047 ask  synced=True
2026-08-15 00:08:30.618  INFO      lobx.market_data.collector  [BTCUSDT] heartbeat | bid=63021.23×6.2207  ask=63021.24×1.0714  spread=0.01  levels=9695 bid/6020 ask  synced=True
2026-08-15 00:09:00.633  INFO      lobx.market_data.collector  [BTCUSDT] heartbeat | bid=63021.99×7.9649  ask=63022.00×0.4712  spread=0.01  levels=9704 bid/6019 ask  synced=True
2026-08-15 00:09:30.638  INFO      lobx.market_data.collector  [BTCUSDT] heartbeat | bid=63023.99×7.3183  ask=63024.00×0.1578  spread=0.01  levels=9709 bid/6012 ask  synced=True
2026-08-15 00:10:00.650  INFO      lobx.market_data.collector  [BTCUSDT] heartbeat | bid=63026.05×0.1939  ask=63026.06×5.7470  spread=0.01  levels=9714 bid/5999 ask  synced=True
2026-08-15 00:10:30.656  INFO      lobx.market_data.collector  [BTCUSDT] heartbeat | bid=63026.05×2.9457  ask=63026.06×3.3797  spread=0.01  levels=9744 bid/5989 ask  synced=True
2026-08-15 00:11:00.669  INFO      lobx.market_data.collector  [BTCUSDT] heartbeat | bid=63029.60×5.6457  ask=63029.61×1.3509  spread=0.01  levels=9739 bid/5982 ask  synced=True
2026-08-15 00:11:30.673  INFO      lobx.market_data.collector  [BTCUSDT] heartbeat | bid=63025.29×0.3740  ask=63025.30×6.7452  spread=0.01  levels=9701 bid/6005 ask  synced=True
2026-08-15 00:12:00.688  INFO      lobx.market_data.collector  [BTCUSDT] heartbeat | bid=63022.92×2.7487  ask=63022.93×3.0973  spread=0.01  levels=9727 bid/6015 ask  synced=True
2026-08-15 00:12:30.703  INFO      lobx.market_data.collector  [BTCUSDT] heartbeat | bid=63022.92×2.8140  ask=63022.93×2.9541  spread=0.01  levels=9726 bid/6013 ask  synced=True
2026-08-15 00:13:00.718  INFO      lobx.market_data.collector  [BTCUSDT] heartbeat | bid=63027.35×4.1395  ask=63027.36×1.8397  spread=0.01  levels=9748 bid/6013 ask  synced=True
2026-08-15 00:13:30.730  INFO      lobx.market_data.collector  [BTCUSDT] heartbeat | bid=63012.37×1.1116  ask=63012.38×4.6627  spread=0.01  levels=9710 bid/6039 ask  synced=True
2026-08-15 00:14:00.732  INFO      lobx.market_data.collector  [BTCUSDT] heartbeat | bid=63012.37×1.4122  ask=63012.38×3.9901  spread=0.01  levels=9712 bid/6041 ask  synced=True
2026-08-15 00:14:30.738  INFO      lobx.market_data.collector  [BTCUSDT] heartbeat | bid=63012.37×1.8474  ask=63012.38×3.7069  spread=0.01  levels=9707 bid/6039 ask  synced=True
2026-08-15 00:15:00.740  INFO      lobx.market_data.collector  [BTCUSDT] heartbeat | bid=63012.37×3.5534  ask=63012.38×0.8325  spread=0.01  levels=9711 bid/6032 ask  synced=True
2026-08-15 00:15:30.757  INFO      lobx.market_data.collector  [BTCUSDT] heartbeat | bid=63012.37×3.4915  ask=63012.38×0.6028  spread=0.01  levels=9711 bid/6034 ask  synced=True
2026-08-15 00:16:00.764  INFO      lobx.market_data.collector  [BTCUSDT] heartbeat | bid=63012.37×3.4108  ask=63012.38×0.5234  spread=0.01  levels=9714 bid/6036 ask  synced=True
2026-08-15 00:16:30.781  INFO      lobx.market_data.collector  [BTCUSDT] heartbeat | bid=63012.37×3.1249  ask=63012.38×0.8150  spread=0.01  levels=9721 bid/6038 ask  synced=True
2026-08-15 00:17:00.784  INFO      lobx.market_data.collector  [BTCUSDT] heartbeat | bid=63012.37×3.5355  ask=63012.38×1.1612  spread=0.01  levels=9720 bid/6038 ask  synced=True
2026-08-15 00:17:30.789  INFO      lobx.market_data.collector  [BTCUSDT] heartbeat | bid=63012.37×3.5262  ask=63012.38×1.1236  spread=0.01  levels=9718 bid/6040 ask  synced=True
2026-08-15 00:18:00.796  INFO      lobx.market_data.collector  [BTCUSDT] heartbeat | bid=63012.37×3.5083  ask=63012.38×1.0604  spread=0.01  levels=9722 bid/6037 ask  synced=True
2026-08-15 00:18:30.809  INFO      lobx.market_data.collector  [BTCUSDT] heartbeat | bid=63019.99×9.0449  ask=63020.00×0.0260  spread=0.01  levels=9747 bid/6026 ask  synced=True
2026-08-15 00:19:00.823  INFO      lobx.market_data.collector  [BTCUSDT] heartbeat | bid=63021.72×7.1146  ask=63021.73×0.9765  spread=0.01  levels=9748 bid/6035 ask  synced=True
2026-08-15 00:19:30.839  INFO      lobx.market_data.collector  [BTCUSDT] heartbeat | bid=63021.72×7.1534  ask=63021.73×1.0010  spread=0.01  levels=9743 bid/6030 ask  synced=True
2026-08-15 00:20:00.853  INFO      lobx.market_data.collector  [BTCUSDT] heartbeat | bid=63021.72×6.3777  ask=63021.73×1.0023  spread=0.01  levels=9743 bid/6029 ask  synced=True
2026-08-15 00:20:30.864  INFO      lobx.market_data.collector  [BTCUSDT] heartbeat | bid=63021.72×5.4099  ask=63021.73×1.1394  spread=0.01  levels=9750 bid/6030 ask  synced=True
2026-08-15 00:21:00.870  INFO      lobx.market_data.collector  [BTCUSDT] heartbeat | bid=63025.99×6.8989  ask=63026.00×0.0198  spread=0.01  levels=9755 bid/5998 ask  synced=True
2026-08-15 00:21:30.876  INFO      lobx.market_data.collector  [BTCUSDT] heartbeat | bid=63033.40×6.0267  ask=63033.41×1.1986  spread=0.01  levels=9777 bid/6011 ask  synced=True
2026-08-15 00:22:00.884  INFO      lobx.market_data.collector  [BTCUSDT] heartbeat | bid=63027.70×0.1755  ask=63027.71×5.5979  spread=0.01  levels=9764 bid/6033 ask  synced=True
2026-08-15 00:22:30.889  INFO      lobx.market_data.collector  [BTCUSDT] heartbeat | bid=63027.70×1.0530  ask=63027.71×4.9214  spread=0.01  levels=9770 bid/6033 ask  synced=True
2026-08-15 00:23:00.898  INFO      lobx.market_data.collector  [BTCUSDT] heartbeat | bid=63027.70×0.5690  ask=63027.71×5.2696  spread=0.01  levels=9773 bid/6031 ask  synced=True
2026-08-15 00:23:30.912  INFO      lobx.market_data.collector  [BTCUSDT] heartbeat | bid=63003.69×0.9510  ask=63003.70×3.6786  spread=0.01  levels=9726 bid/6081 ask  synced=True
2026-08-15 00:24:00.920  INFO      lobx.market_data.collector  [BTCUSDT] heartbeat | bid=63013.89×6.1480  ask=63013.90×0.2146  spread=0.01  levels=9750 bid/6031 ask  synced=True
2026-08-15 00:24:30.926  INFO      lobx.market_data.collector  [BTCUSDT] heartbeat | bid=63027.85×3.2253  ask=63027.86×1.6305  spread=0.01  levels=9760 bid/5977 ask  synced=True
2026-08-15 00:25:00.937  INFO      lobx.market_data.collector  [BTCUSDT] heartbeat | bid=63027.85×3.9016  ask=63027.86×1.3903  spread=0.01  levels=9739 bid/6033 ask  synced=True
2026-08-15 00:25:30.949  INFO      lobx.market_data.collector  [BTCUSDT] heartbeat | bid=63027.85×2.4636  ask=63027.86×1.9298  spread=0.01  levels=9741 bid/6036 ask  synced=True
2026-08-15 00:26:00.956  INFO      lobx.market_data.collector  [BTCUSDT] heartbeat | bid=63027.85×0.5567  ask=63027.86×2.2433  spread=0.01  levels=9740 bid/6037 ask  synced=True
2026-08-15 00:26:30.961  INFO      lobx.market_data.collector  [BTCUSDT] heartbeat | bid=63027.85×0.6354  ask=63027.86×2.4388  spread=0.01  levels=9744 bid/6042 ask  synced=True
2026-08-15 00:27:00.966  INFO      lobx.market_data.collector  [BTCUSDT] heartbeat | bid=63011.61×0.0357  ask=63011.62×5.3999  spread=0.01  levels=9658 bid/6078 ask  synced=True
2026-08-15 00:27:30.975  INFO      lobx.market_data.collector  [BTCUSDT] heartbeat | bid=63008.45×1.1460  ask=63008.46×4.8805  spread=0.01  levels=9686 bid/6078 ask  synced=True
2026-08-15 00:28:00.989  INFO      lobx.market_data.collector  [BTCUSDT] heartbeat | bid=63008.45×0.9878  ask=63008.46×4.5446  spread=0.01  levels=9692 bid/6072 ask  synced=True
2026-08-15 00:28:31.006  INFO      lobx.market_data.collector  [BTCUSDT] heartbeat | bid=63015.01×4.8644  ask=63015.02×0.9428  spread=0.01  levels=9713 bid/6033 ask  synced=True
2026-08-15 00:29:01.020  INFO      lobx.market_data.collector  [BTCUSDT] heartbeat | bid=63002.99×2.0265  ask=63003.00×153.6988  spread=0.01  levels=9685 bid/6098 ask  synced=True
2026-08-15 00:29:31.024  INFO      lobx.market_data.collector  [BTCUSDT] heartbeat | bid=63002.99×2.5070  ask=63003.00×154.4904  spread=0.01  levels=9691 bid/6088 ask  synced=True
2026-08-15 00:30:01.030  INFO      lobx.market_data.collector  [BTCUSDT] heartbeat | bid=63011.48×7.4591  ask=63011.49×0.0241  spread=0.01  levels=9689 bid/6037 ask  synced=True
2026-08-15 00:30:31.045  INFO      lobx.market_data.collector  [BTCUSDT] heartbeat | bid=63012.39×3.3823  ask=63012.40×3.5085  spread=0.01  levels=9690 bid/6044 ask  synced=True
2026-08-15 00:31:01.049  INFO      lobx.market_data.collector  [BTCUSDT] heartbeat | bid=63015.88×5.7802  ask=63015.89×1.8247  spread=0.01  levels=9711 bid/6042 ask  synced=True
2026-08-15 00:31:31.058  INFO      lobx.market_data.collector  [BTCUSDT] heartbeat | bid=63021.23×4.4401  ask=63021.24×1.9672  spread=0.01  levels=9712 bid/6023 ask  synced=True
2026-08-15 00:32:01.074  INFO      lobx.market_data.collector  [BTCUSDT] heartbeat | bid=63021.23×4.4752  ask=63021.24×1.5617  spread=0.01  levels=9740 bid/6046 ask  synced=True
2026-08-15 00:32:31.081  INFO      lobx.market_data.collector  [BTCUSDT] heartbeat | bid=63021.22×0.7906  ask=63021.23×5.2825  spread=0.01  levels=9740 bid/6050 ask  synced=True
2026-08-15 00:33:01.097  INFO      lobx.market_data.collector  [BTCUSDT] heartbeat | bid=63019.36×6.1909  ask=63019.37×0.7586  spread=0.01  levels=9739 bid/6057 ask  synced=True
2026-08-15 00:33:31.103  INFO      lobx.market_data.collector  [BTCUSDT] heartbeat | bid=63021.23×6.5039  ask=63021.24×2.1385  spread=0.01  levels=9736 bid/6063 ask  synced=True
2026-08-15 00:34:01.106  INFO      lobx.market_data.collector  [BTCUSDT] heartbeat | bid=63023.96×5.4750  ask=63023.97×2.1942  spread=0.01  levels=9746 bid/6051 ask  synced=True
2026-08-15 00:34:31.111  INFO      lobx.market_data.collector  [BTCUSDT] heartbeat | bid=63015.88×1.8154  ask=63015.89×7.2797  spread=0.01  levels=9718 bid/6080 ask  synced=True
2026-08-15 00:35:01.128  INFO      lobx.market_data.collector  [BTCUSDT] heartbeat | bid=63015.88×3.8910  ask=63015.89×1.4115  spread=0.01  levels=9722 bid/6078 ask  synced=True
2026-08-15 00:35:31.140  INFO      lobx.market_data.collector  [BTCUSDT] heartbeat | bid=63015.88×2.7571  ask=63015.89×2.3128  spread=0.01  levels=9728 bid/6079 ask  synced=True
2026-08-15 00:36:01.146  INFO      lobx.market_data.collector  [BTCUSDT] heartbeat | bid=63015.88×0.5090  ask=63015.89×5.3831  spread=0.01  levels=9713 bid/6093 ask  synced=True
2026-08-15 00:36:31.150  INFO      lobx.market_data.collector  [BTCUSDT] heartbeat | bid=63015.88×0.7701  ask=63015.89×5.3178  spread=0.01  levels=9716 bid/6093 ask  synced=True
2026-08-15 00:37:01.162  INFO      lobx.market_data.collector  [BTCUSDT] heartbeat | bid=63015.88×3.0038  ask=63015.89×2.7774  spread=0.01  levels=9736 bid/6091 ask  synced=True
2026-08-15 00:37:31.171  INFO      lobx.market_data.collector  [BTCUSDT] heartbeat | bid=63015.88×3.5409  ask=63015.89×2.6955  spread=0.01  levels=9728 bid/6084 ask  synced=True
2026-08-15 00:38:01.184  INFO      lobx.market_data.collector  [BTCUSDT] heartbeat | bid=63005.26×0.5670  ask=63005.27×6.8753  spread=0.01  levels=9720 bid/6110 ask  synced=True
2026-08-15 00:38:31.197  INFO      lobx.market_data.collector  [BTCUSDT] heartbeat | bid=63000.67×2.1883  ask=63000.68×3.8634  spread=0.01  levels=9690 bid/6123 ask  synced=True
2026-08-15 00:39:01.206  INFO      lobx.market_data.collector  [BTCUSDT] heartbeat | bid=63000.67×2.9619  ask=63000.68×2.7169  spread=0.01  levels=9691 bid/6124 ask  synced=True
2026-08-15 00:39:31.213  INFO      lobx.market_data.collector  [BTCUSDT] heartbeat | bid=63000.67×2.8390  ask=63000.68×2.8367  spread=0.01  levels=9688 bid/6124 ask  synced=True
2026-08-15 00:40:01.222  INFO      lobx.market_data.collector  [BTCUSDT] heartbeat | bid=63012.85×7.1511  ask=63012.86×0.1897  spread=0.01  levels=9725 bid/6082 ask  synced=True
2026-08-15 00:40:31.236  INFO      lobx.market_data.collector  [BTCUSDT] heartbeat | bid=63015.27×7.9019  ask=63015.28×2.5148  spread=0.01  levels=9738 bid/6102 ask  synced=True
2026-08-15 00:41:01.250  INFO      lobx.market_data.collector  [BTCUSDT] heartbeat | bid=63015.27×7.8697  ask=63015.28×2.5343  spread=0.01  levels=9734 bid/6100 ask  synced=True
2026-08-15 00:41:31.264  INFO      lobx.market_data.collector  [BTCUSDT] heartbeat | bid=63015.27×2.2593  ask=63015.28×2.7771  spread=0.01  levels=9735 bid/6092 ask  synced=True
2026-08-15 00:42:01.278  INFO      lobx.market_data.collector  [BTCUSDT] heartbeat | bid=63015.27×2.4994  ask=63015.28×2.7089  spread=0.01  levels=9741 bid/6091 ask  synced=True
2026-08-15 00:42:31.284  INFO      lobx.market_data.collector  [BTCUSDT] heartbeat | bid=63015.27×3.1914  ask=63015.28×2.4129  spread=0.01  levels=9744 bid/6093 ask  synced=True
2026-08-15 00:43:01.296  INFO      lobx.market_data.collector  [BTCUSDT] heartbeat | bid=63015.27×3.0915  ask=63015.28×2.6217  spread=0.01  levels=9749 bid/6096 ask  synced=True
2026-08-15 00:43:31.311  INFO      lobx.market_data.collector  [BTCUSDT] heartbeat | bid=63015.27×1.4284  ask=63015.28×3.0914  spread=0.01  levels=9746 bid/6093 ask  synced=True
2026-08-15 00:44:01.322  INFO      lobx.market_data.collector  [BTCUSDT] heartbeat | bid=63015.27×2.4985  ask=63015.28×2.8991  spread=0.01  levels=9756 bid/6095 ask  synced=True
2026-08-15 00:44:31.332  INFO      lobx.market_data.collector  [BTCUSDT] heartbeat | bid=63019.98×5.7301  ask=63019.99×0.7025  spread=0.01  levels=9761 bid/6079 ask  synced=True
2026-08-15 00:45:01.342  INFO      lobx.market_data.collector  [BTCUSDT] heartbeat | bid=63019.98×5.4782  ask=63019.99×0.5713  spread=0.01  levels=9767 bid/6082 ask  synced=True
2026-08-15 00:45:31.350  INFO      lobx.market_data.collector  [BTCUSDT] heartbeat | bid=63019.98×5.8418  ask=63019.99×0.7006  spread=0.01  levels=9759 bid/6077 ask  synced=True
2026-08-15 00:46:01.351  INFO      lobx.market_data.collector  [BTCUSDT] heartbeat | bid=63019.98×7.6993  ask=63019.99×0.5611  spread=0.01  levels=9758 bid/6082 ask  synced=True
2026-08-15 00:46:31.355  INFO      lobx.market_data.collector  [BTCUSDT] heartbeat | bid=63019.98×7.8135  ask=63019.99×0.5109  spread=0.01  levels=9756 bid/6085 ask  synced=True
2026-08-15 00:47:01.366  INFO      lobx.market_data.collector  [BTCUSDT] heartbeat | bid=63019.98×7.9346  ask=63019.99×0.5635  spread=0.01  levels=9759 bid/6087 ask  synced=True
2026-08-15 00:47:31.379  INFO      lobx.market_data.collector  [BTCUSDT] heartbeat | bid=63028.38×5.9171  ask=63028.39×0.6789  spread=0.01  levels=9776 bid/6079 ask  synced=True
2026-08-15 00:48:01.389  INFO      lobx.market_data.collector  [BTCUSDT] heartbeat | bid=63031.80×5.8031  ask=63031.81×0.7808  spread=0.01  levels=9754 bid/6035 ask  synced=True
2026-08-15 00:48:31.402  INFO      lobx.market_data.collector  [BTCUSDT] heartbeat | bid=63022.86×0.2680  ask=63022.87×3.4150  spread=0.01  levels=9745 bid/6059 ask  synced=True
2026-08-15 00:49:01.418  INFO      lobx.market_data.collector  [BTCUSDT] heartbeat | bid=63018.44×0.1536  ask=63018.45×6.3113  spread=0.01  levels=9762 bid/6102 ask  synced=True
2026-08-15 00:49:31.433  INFO      lobx.market_data.collector  [BTCUSDT] heartbeat | bid=63018.44×1.4594  ask=63018.45×5.0124  spread=0.01  levels=9759 bid/6095 ask  synced=True
2026-08-15 00:50:01.452  INFO      lobx.market_data.collector  [BTCUSDT] heartbeat | bid=63013.35×0.9909  ask=63013.36×4.0858  spread=0.01  levels=9753 bid/6106 ask  synced=True
2026-08-15 00:50:31.461  INFO      lobx.market_data.collector  [BTCUSDT] heartbeat | bid=63013.35×2.4234  ask=63013.36×1.6217  spread=0.01  levels=9746 bid/6115 ask  synced=True
2026-08-15 00:51:01.471  INFO      lobx.market_data.collector  [BTCUSDT] heartbeat | bid=63013.35×2.0859  ask=63013.36×2.2684  spread=0.01  levels=9748 bid/6111 ask  synced=True
2026-08-15 00:51:31.487  INFO      lobx.market_data.collector  [BTCUSDT] heartbeat | bid=63013.35×2.4525  ask=63013.36×2.2130  spread=0.01  levels=9746 bid/6122 ask  synced=True
2026-08-15 00:52:01.499  INFO      lobx.market_data.collector  [BTCUSDT] heartbeat | bid=62992.91×2.8950  ask=62992.92×1.3003  spread=0.01  levels=9681 bid/6134 ask  synced=True
2026-08-15 00:52:31.512  INFO      lobx.market_data.collector  [BTCUSDT] heartbeat | bid=62999.99×6.4676  ask=63000.00×0.2714  spread=0.01  levels=9729 bid/6103 ask  synced=True
2026-08-15 00:53:01.515  INFO      lobx.market_data.collector  [BTCUSDT] heartbeat | bid=62999.99×5.6324  ask=63000.00×0.7145  spread=0.01  levels=9727 bid/6102 ask  synced=True
2026-08-15 00:53:31.523  INFO      lobx.market_data.collector  [BTCUSDT] heartbeat | bid=62999.99×5.0960  ask=63000.00×1.3107  spread=0.01  levels=9727 bid/6103 ask  synced=True
2026-08-15 00:54:01.531  INFO      lobx.market_data.collector  [BTCUSDT] heartbeat | bid=62999.99×4.0542  ask=63000.00×1.2413  spread=0.01  levels=9731 bid/6110 ask  synced=True
2026-08-15 00:54:31.536  INFO      lobx.market_data.collector  [BTCUSDT] heartbeat | bid=62999.99×2.0938  ask=63000.00×1.8745  spread=0.01  levels=9741 bid/6106 ask  synced=True
2026-08-15 00:55:01.541  INFO      lobx.market_data.collector  [BTCUSDT] heartbeat | bid=62999.99×2.7499  ask=63000.00×2.9210  spread=0.01  levels=9740 bid/6105 ask  synced=True
2026-08-15 00:55:31.549  INFO      lobx.market_data.collector  [BTCUSDT] heartbeat | bid=62999.99×2.8436  ask=63000.00×1.1520  spread=0.01  levels=9752 bid/6113 ask  synced=True
2026-08-15 00:56:01.555  INFO      lobx.market_data.collector  [BTCUSDT] heartbeat | bid=62999.99×2.7907  ask=63000.00×1.0803  spread=0.01  levels=9753 bid/6112 ask  synced=True
2026-08-15 00:56:31.569  INFO      lobx.market_data.collector  [BTCUSDT] heartbeat | bid=62999.99×2.8678  ask=63000.00×0.6381  spread=0.01  levels=9757 bid/6112 ask  synced=True
2026-08-15 00:57:01.575  INFO      lobx.market_data.collector  [BTCUSDT] heartbeat | bid=63013.47×3.6691  ask=63013.48×0.9334  spread=0.01  levels=9782 bid/6078 ask  synced=True
2026-08-15 00:57:31.592  INFO      lobx.market_data.collector  [BTCUSDT] heartbeat | bid=63021.00×17.6219  ask=63021.01×1.6869  spread=0.01  levels=9817 bid/6079 ask  synced=True
2026-08-15 00:58:01.607  INFO      lobx.market_data.collector  [BTCUSDT] heartbeat | bid=63021.00×18.5335  ask=63021.01×0.8217  spread=0.01  levels=9815 bid/6084 ask  synced=True
2026-08-15 00:58:31.625  INFO      lobx.market_data.collector  [BTCUSDT] heartbeat | bid=63021.00×0.4480  ask=63021.01×2.5770  spread=0.01  levels=9805 bid/6097 ask  synced=True
2026-08-15 00:59:01.641  INFO      lobx.market_data.collector  [BTCUSDT] heartbeat | bid=63009.99×4.7919  ask=63010.00×1.0494  spread=0.01  levels=9794 bid/6119 ask  synced=True
2026-08-15 00:59:31.657  INFO      lobx.market_data.collector  [BTCUSDT] heartbeat | bid=63014.03×3.0142  ask=63014.04×0.5818  spread=0.01  levels=9805 bid/6104 ask  synced=True
2026-08-15 01:00:01.667  INFO      lobx.market_data.collector  [BTCUSDT] heartbeat | bid=63019.88×4.7621  ask=63019.89×0.9163  spread=0.01  levels=9818 bid/6079 ask  synced=True
2026-08-15 01:00:31.673  INFO      lobx.market_data.collector  [BTCUSDT] heartbeat | bid=63015.92×3.8902  ask=63015.93×0.5929  spread=0.01  levels=9818 bid/6093 ask  synced=True
2026-08-15 01:01:01.690  INFO      lobx.market_data.collector  [BTCUSDT] heartbeat | bid=63016.93×7.0377  ask=63016.94×0.9004  spread=0.01  levels=9820 bid/6103 ask  synced=True
2026-08-15 01:01:31.694  INFO      lobx.market_data.collector  [BTCUSDT] heartbeat | bid=63016.93×6.3639  ask=63016.94×1.7613  spread=0.01  levels=9822 bid/6114 ask  synced=True
2026-08-15 01:02:01.705  INFO      lobx.market_data.collector  [BTCUSDT] heartbeat | bid=63006.03×0.8819  ask=63006.04×2.9501  spread=0.01  levels=9785 bid/6141 ask  synced=True
2026-08-15 01:02:31.712  INFO      lobx.market_data.collector  [BTCUSDT] heartbeat | bid=63006.03×1.4808  ask=63006.04×2.3505  spread=0.01  levels=9788 bid/6141 ask  synced=True
2026-08-15 01:03:01.728  INFO      lobx.market_data.collector  [BTCUSDT] heartbeat | bid=63006.03×0.6794  ask=63006.04×2.9638  spread=0.01  levels=9796 bid/6141 ask  synced=True
2026-08-15 01:03:31.734  INFO      lobx.market_data.collector  [BTCUSDT] heartbeat | bid=63006.03×1.3329  ask=63006.04×3.2232  spread=0.01  levels=9792 bid/6138 ask  synced=True
2026-08-15 01:04:01.739  INFO      lobx.market_data.collector  [BTCUSDT] heartbeat | bid=63006.03×1.2906  ask=63006.04×2.8690  spread=0.01  levels=9794 bid/6141 ask  synced=True
2026-08-15 01:04:31.745  INFO      lobx.market_data.collector  [BTCUSDT] heartbeat | bid=63006.03×2.9103  ask=63006.04×2.1651  spread=0.01  levels=9797 bid/6138 ask  synced=True
2026-08-15 01:05:01.755  INFO      lobx.market_data.collector  [BTCUSDT] heartbeat | bid=63006.03×0.3304  ask=63006.04×3.3241  spread=0.01  levels=9786 bid/6145 ask  synced=True
2026-08-15 01:05:31.763  INFO      lobx.market_data.collector  [BTCUSDT] heartbeat | bid=63006.03×0.1997  ask=63006.04×3.5954  spread=0.01  levels=9813 bid/6141 ask  synced=True
2026-08-15 01:06:01.769  INFO      lobx.market_data.collector  [BTCUSDT] heartbeat | bid=62997.94×0.6099  ask=62997.95×4.9703  spread=0.01  levels=9780 bid/6136 ask  synced=True
2026-08-15 01:06:31.778  INFO      lobx.market_data.collector  [BTCUSDT] heartbeat | bid=62993.57×1.1780  ask=62993.58×4.2644  spread=0.01  levels=9768 bid/6140 ask  synced=True
2026-08-15 01:07:01.789  INFO      lobx.market_data.collector  [BTCUSDT] heartbeat | bid=62993.57×1.0807  ask=62993.58×3.5877  spread=0.01  levels=9773 bid/6147 ask  synced=True
2026-08-15 01:07:31.792  INFO      lobx.market_data.collector  [BTCUSDT] heartbeat | bid=62993.57×2.3395  ask=62993.58×2.9270  spread=0.01  levels=9780 bid/6146 ask  synced=True
2026-08-15 01:08:01.793  INFO      lobx.market_data.collector  [BTCUSDT] heartbeat | bid=62993.57×2.2500  ask=62993.58×2.5526  spread=0.01  levels=9788 bid/6144 ask  synced=True
2026-08-15 01:08:31.796  INFO      lobx.market_data.collector  [BTCUSDT] heartbeat | bid=62994.79×4.8684  ask=62994.80×1.0371  spread=0.01  levels=9800 bid/6139 ask  synced=True
2026-08-15 01:09:01.815  INFO      lobx.market_data.collector  [BTCUSDT] heartbeat | bid=63013.24×2.9523  ask=63013.25×1.5211  spread=0.01  levels=9846 bid/6095 ask  synced=True
2026-08-15 01:09:31.829  INFO      lobx.market_data.collector  [BTCUSDT] heartbeat | bid=63013.24×2.9252  ask=63013.25×0.9576  spread=0.01  levels=9827 bid/6118 ask  synced=True
2026-08-15 01:10:01.835  INFO      lobx.market_data.collector  [BTCUSDT] heartbeat | bid=63013.24×2.6411  ask=63013.25×1.4671  spread=0.01  levels=9822 bid/6118 ask  synced=True
2026-08-15 01:10:31.850  INFO      lobx.market_data.collector  [BTCUSDT] heartbeat | bid=63009.99×0.3007  ask=63010.00×3.9165  spread=0.01  levels=9800 bid/6122 ask  synced=True
2026-08-15 01:11:01.857  INFO      lobx.market_data.collector  [BTCUSDT] heartbeat | bid=63009.99×2.1785  ask=63010.00×2.3297  spread=0.01  levels=9824 bid/6138 ask  synced=True
2026-08-15 01:11:31.861  INFO      lobx.market_data.collector  [BTCUSDT] heartbeat | bid=63009.99×2.9446  ask=63010.00×3.4273  spread=0.01  levels=9835 bid/6134 ask  synced=True
2026-08-15 01:12:01.874  INFO      lobx.market_data.collector  [BTCUSDT] heartbeat | bid=63010.00×10.8547  ask=63010.01×0.5423  spread=0.01  levels=9852 bid/6145 ask  synced=True
2026-08-15 01:12:31.889  INFO      lobx.market_data.collector  [BTCUSDT] heartbeat | bid=63030.08×2.1364  ask=63030.09×1.0738  spread=0.01  levels=9843 bid/6057 ask  synced=True
2026-08-15 01:13:01.897  INFO      lobx.market_data.collector  [BTCUSDT] heartbeat | bid=63030.08×2.7961  ask=63030.09×1.4113  spread=0.01  levels=9844 bid/6105 ask  synced=True
2026-08-15 01:13:31.910  INFO      lobx.market_data.collector  [BTCUSDT] heartbeat | bid=63035.26×3.9947  ask=63035.27×1.5854  spread=0.01  levels=9878 bid/6087 ask  synced=True
2026-08-15 01:14:01.921  INFO      lobx.market_data.collector  [BTCUSDT] heartbeat | bid=63009.99×2.3489  ask=63010.00×113.7441  spread=0.01  levels=9826 bid/6164 ask  synced=True
2026-08-15 01:14:31.926  INFO      lobx.market_data.collector  [BTCUSDT] heartbeat | bid=62999.99×4.4824  ask=63000.00×2.4934  spread=0.01  levels=9834 bid/6143 ask  synced=True
2026-08-15 01:15:01.939  INFO      lobx.market_data.collector  [BTCUSDT] heartbeat | bid=63012.88×7.7742  ask=63012.89×0.3229  spread=0.01  levels=9859 bid/6123 ask  synced=True
2026-08-15 01:15:31.951  INFO      lobx.market_data.collector  [BTCUSDT] heartbeat | bid=63012.87×0.3115  ask=63012.88×8.2585  spread=0.01  levels=9859 bid/6147 ask  synced=True
2026-08-15 01:16:01.967  INFO      lobx.market_data.collector  [BTCUSDT] heartbeat | bid=63012.87×3.1562  ask=63012.88×2.8637  spread=0.01  levels=9873 bid/6146 ask  synced=True
2026-08-15 01:16:31.986  INFO      lobx.market_data.collector  [BTCUSDT] heartbeat | bid=63009.99×0.3609  ask=63010.00×8.9457  spread=0.01  levels=9862 bid/6146 ask  synced=True
2026-08-15 01:17:01.993  INFO      lobx.market_data.collector  [BTCUSDT] heartbeat | bid=63009.99×0.3696  ask=63010.00×8.9694  spread=0.01  levels=9858 bid/6140 ask  synced=True
